alg,fid,inst,dim,best_f,evals_total,t_hit_0.1,t_hit_0.001,t_hit_1e-05,t_hit_1e-08,duration_sec
PSO,1,1,2,inf,8051,-1,-1,-1,-1,0.4440450668334961
PSO,1,2,2,inf,8051,-1,-1,-1,-1,0.44894909858703613
PSO,1,3,2,inf,8051,1,1,1,1,0.5186526775360107
PSO,1,4,2,inf,8051,1,1,1,1,0.576483964920044
PSO,1,5,2,inf,8051,4,4,4,4,0.5174827575683594
PSO,1,1,2,inf,8051,-1,-1,-1,-1,0.5796597003936768
PSO,1,2,2,inf,8051,-1,-1,-1,-1,0.45223307609558105
PSO,1,3,2,inf,8051,1,1,1,1,0.45996975898742676
PSO,1,4,2,inf,8051,1,1,1,1,0.44281554222106934
PSO,1,5,2,inf,8051,2,2,2,2,0.44623446464538574
PSO,1,1,2,inf,8051,-1,-1,-1,-1,0.4439835548400879
PSO,1,2,2,inf,8051,-1,-1,-1,-1,0.4449455738067627
PSO,1,3,2,inf,8051,1,1,1,1,0.44322729110717773
PSO,1,4,2,inf,8051,1,1,1,1,0.44475245475769043
PSO,1,5,2,inf,8051,4,4,4,4,0.44693779945373535
PSO,2,1,2,inf,8051,61,61,61,61,0.45728349685668945
PSO,2,2,2,inf,8051,329,329,329,329,0.4696028232574463
PSO,2,3,2,inf,8051,168,168,168,168,0.4630763530731201
PSO,2,4,2,inf,8051,-1,-1,-1,-1,0.4666118621826172
PSO,2,5,2,inf,8051,161,161,161,161,0.4510612487792969
PSO,2,1,2,inf,8051,139,139,139,139,0.476611852645874
PSO,2,2,2,inf,8051,76,76,76,76,0.4549980163574219
PSO,2,3,2,inf,8051,245,245,245,245,0.470017671585083
PSO,2,4,2,inf,8051,-1,-1,-1,-1,0.47339367866516113
PSO,2,5,2,inf,8051,251,251,251,251,0.4749581813812256
PSO,2,1,2,inf,8051,202,202,202,202,0.45928072929382324
PSO,2,2,2,inf,8051,203,203,203,203,0.4805746078491211
PSO,2,3,2,inf,8051,104,104,104,104,0.47816896438598633
PSO,2,4,2,inf,8051,-1,-1,-1,-1,0.4741194248199463
PSO,2,5,2,inf,8051,252,252,252,252,0.47019314765930176
PSO,3,1,2,inf,8051,1,1,1,1,0.4599943161010742
PSO,3,2,2,inf,8051,-1,-1,-1,-1,0.4845547676086426
PSO,3,3,2,inf,8051,-1,-1,-1,-1,0.4651377201080322
PSO,3,4,2,inf,8051,172,172,172,172,0.5520365238189697
PSO,3,5,2,inf,8051,-1,-1,-1,-1,0.4715538024902344
PSO,3,1,2,inf,8051,1,1,1,1,0.4642195701599121
PSO,3,2,2,inf,8051,-1,-1,-1,-1,0.45753049850463867
PSO,3,3,2,inf,8051,-1,-1,-1,-1,0.4698023796081543
PSO,3,4,2,inf,8051,370,370,370,370,0.5299944877624512
PSO,3,5,2,inf,8051,-1,-1,-1,-1,0.48491382598876953
PSO,3,1,2,inf,8051,1,1,1,1,0.4664645195007324
PSO,3,2,2,inf,8051,-1,-1,-1,-1,0.4715144634246826
PSO,3,3,2,inf,8051,-1,-1,-1,-1,0.4821195602416992
PSO,3,4,2,inf,8051,43,43,43,43,0.48549699783325195
PSO,3,5,2,inf,8051,-1,-1,-1,-1,0.5321152210235596
PSO,4,1,2,inf,8051,2,2,2,2,0.484708309173584
PSO,4,2,2,inf,8051,-1,-1,-1,-1,0.4742574691772461
PSO,4,3,2,inf,8051,-1,-1,-1,-1,0.4541745185852051
PSO,4,4,2,inf,8051,261,261,261,261,0.5024597644805908
PSO,4,5,2,inf,8051,-1,-1,-1,-1,0.4373157024383545
PSO,4,1,2,inf,8051,1,1,1,1,0.4335024356842041
PSO,4,2,2,inf,8051,-1,-1,-1,-1,0.42717981338500977
PSO,4,3,2,inf,8051,-1,-1,-1,-1,0.4402174949645996
PSO,4,4,2,inf,8051,109,109,109,109,0.4342217445373535
PSO,4,5,2,inf,8051,-1,-1,-1,-1,0.43578505516052246
PSO,4,1,2,inf,8051,1,1,1,1,0.5154871940612793
PSO,4,2,2,inf,8051,-1,-1,-1,-1,0.4814636707305908
PSO,4,3,2,inf,8051,-1,-1,-1,-1,0.48300957679748535
PSO,4,4,2,inf,8051,90,90,90,90,0.46883082389831543
PSO,4,5,2,inf,8051,-1,-1,-1,-1,0.4643087387084961
PSO,5,1,2,inf,8051,24,24,24,24,0.4718759059906006
PSO,5,2,2,inf,8051,-1,-1,-1,-1,0.42630577087402344
PSO,5,3,2,inf,8051,-1,-1,-1,-1,0.4174818992614746
PSO,5,4,2,inf,8051,-1,-1,-1,-1,0.4063596725463867
PSO,5,5,2,inf,8051,3,3,3,3,0.41801953315734863
PSO,5,1,2,inf,8051,21,21,21,21,0.41730308532714844
PSO,5,2,2,inf,8051,-1,-1,-1,-1,0.4845564365386963
PSO,5,3,2,inf,8051,-1,-1,-1,-1,0.47467589378356934
PSO,5,4,2,inf,8051,-1,-1,-1,-1,0.44770193099975586
PSO,5,5,2,inf,8051,1,1,1,1,0.4564359188079834
PSO,5,1,2,inf,8051,29,29,29,29,0.47441530227661133
PSO,5,2,2,inf,8051,-1,-1,-1,-1,0.44927215576171875
PSO,5,3,2,inf,8051,-1,-1,-1,-1,0.4568498134613037
PSO,5,4,2,inf,8051,-1,-1,-1,-1,0.4458737373352051
PSO,5,5,2,inf,8051,5,5,5,5,0.45175719261169434
PSO,6,1,2,inf,8051,-1,-1,-1,-1,0.4570505619049072
PSO,6,2,2,inf,8051,-1,-1,-1,-1,0.49318933486938477
PSO,6,3,2,inf,8051,1,1,1,1,0.5287036895751953
PSO,6,4,2,inf,8051,-1,-1,-1,-1,0.49933910369873047
PSO,6,5,2,inf,8051,-1,-1,-1,-1,0.4633667469024658
PSO,6,1,2,inf,8051,-1,-1,-1,-1,0.45820164680480957
PSO,6,2,2,inf,8051,-1,-1,-1,-1,0.49987363815307617
PSO,6,3,2,inf,8051,3,3,3,3,0.528200626373291
PSO,6,4,2,inf,8051,-1,-1,-1,-1,0.499584436416626
PSO,6,5,2,inf,8051,-1,-1,-1,-1,0.4421093463897705
PSO,6,1,2,inf,8051,-1,-1,-1,-1,0.421222448348999
PSO,6,2,2,inf,8051,-1,-1,-1,-1,0.4130535125732422
PSO,6,3,2,inf,8051,1,1,1,1,0.42131781578063965
PSO,6,4,2,inf,8051,-1,-1,-1,-1,0.4950428009033203
PSO,6,5,2,inf,8051,-1,-1,-1,-1,0.470139741897583
PSO,7,1,2,inf,8051,-1,-1,-1,-1,0.42711901664733887
PSO,7,2,2,inf,8051,-1,-1,-1,-1,0.41147804260253906
PSO,7,3,2,inf,8051,-1,-1,-1,-1,0.44210362434387207
PSO,7,4,2,inf,8051,-1,-1,-1,-1,0.4224586486816406
PSO,7,5,2,inf,8051,-1,-1,-1,-1,0.4539775848388672
PSO,7,1,2,inf,8051,-1,-1,-1,-1,0.4455125331878662
PSO,7,2,2,inf,8051,-1,-1,-1,-1,0.44740796089172363
PSO,7,3,2,inf,8051,-1,-1,-1,-1,0.42510294914245605
PSO,7,4,2,inf,8051,-1,-1,-1,-1,0.485567569732666
PSO,7,5,2,inf,8051,-1,-1,-1,-1,0.5145695209503174
PSO,7,1,2,inf,8051,-1,-1,-1,-1,0.4726417064666748
PSO,7,2,2,inf,8051,-1,-1,-1,-1,0.5283758640289307
PSO,7,3,2,inf,8051,-1,-1,-1,-1,0.4428591728210449
PSO,7,4,2,inf,8051,-1,-1,-1,-1,0.5202243328094482
PSO,7,5,2,inf,8051,-1,-1,-1,-1,0.4931983947753906
PSO,8,1,2,inf,8051,-1,-1,-1,-1,0.5219287872314453
PSO,8,2,2,inf,8051,4,4,4,4,0.5010757446289062
PSO,8,3,2,inf,8051,-1,-1,-1,-1,0.48856568336486816
PSO,8,4,2,inf,8051,2,2,2,2,0.5037734508514404
PSO,8,5,2,inf,8051,-1,-1,-1,-1,0.46787500381469727
PSO,8,1,2,inf,8051,-1,-1,-1,-1,0.4565560817718506
PSO,8,2,2,inf,8051,2,2,2,2,0.4588022232055664
PSO,8,3,2,inf,8051,-1,-1,-1,-1,0.4419279098510742
PSO,8,4,2,inf,8051,15,15,15,15,0.43337392807006836
PSO,8,5,2,inf,8051,-1,-1,-1,-1,0.449753999710083
PSO,8,1,2,inf,8051,-1,-1,-1,-1,0.43564796447753906
PSO,8,2,2,inf,8051,1,1,1,1,0.4401366710662842
PSO,8,3,2,inf,8051,-1,-1,-1,-1,0.4396522045135498
PSO,8,4,2,inf,8051,6,6,6,6,0.512789249420166
PSO,8,5,2,inf,8051,-1,-1,-1,-1,0.5079917907714844
PSO,9,1,2,inf,8051,-1,-1,-1,-1,0.5245258808135986
PSO,9,2,2,inf,8051,-1,-1,-1,-1,0.5398709774017334
PSO,9,3,2,inf,8051,-1,-1,-1,-1,0.5167844295501709
PSO,9,4,2,inf,8051,11,11,11,11,0.5325181484222412
PSO,9,5,2,inf,8051,-1,-1,-1,-1,0.49341440200805664
PSO,9,1,2,inf,8051,-1,-1,-1,-1,0.5181593894958496
PSO,9,2,2,inf,8051,-1,-1,-1,-1,0.4648303985595703
PSO,9,3,2,inf,8051,-1,-1,-1,-1,0.4792134761810303
PSO,9,4,2,inf,8051,6,6,6,6,0.49077391624450684
PSO,9,5,2,inf,8051,-1,-1,-1,-1,0.5014386177062988
PSO,9,1,2,inf,8051,-1,-1,-1,-1,0.4919321537017822
PSO,9,2,2,inf,8051,-1,-1,-1,-1,0.47000765800476074
PSO,9,3,2,inf,8051,-1,-1,-1,-1,0.47576069831848145
PSO,9,4,2,inf,8051,6,6,6,6,0.4615490436553955
PSO,9,5,2,inf,8051,-1,-1,-1,-1,0.4590113162994385
PSO,10,1,2,inf,8051,277,277,277,277,0.452042818069458
PSO,10,2,2,inf,8051,-1,-1,-1,-1,0.45518016815185547
PSO,10,3,2,inf,8051,232,232,232,232,0.44850945472717285
PSO,10,4,2,inf,8051,132,132,132,132,0.4557485580444336
PSO,10,5,2,inf,8051,90,90,90,90,0.49257564544677734
PSO,10,1,2,inf,8051,428,428,428,428,0.4813365936279297
PSO,10,2,2,inf,8051,-1,-1,-1,-1,0.44420480728149414
PSO,10,3,2,inf,8051,157,157,157,157,0.44176220893859863
PSO,10,4,2,inf,8051,255,255,255,255,0.4693596363067627
PSO,10,5,2,inf,8051,257,257,257,257,0.49414491653442383
PSO,10,1,2,inf,8051,171,171,171,171,0.45058345794677734
PSO,10,2,2,inf,8051,-1,-1,-1,-1,0.4761195182800293
PSO,10,3,2,inf,8051,40,40,40,40,0.4844489097595215
PSO,10,4,2,inf,8051,201,201,201,201,0.47644734382629395
PSO,10,5,2,inf,8051,260,260,260,260,0.4704430103302002
PSO,11,1,2,inf,8051,-1,-1,-1,-1,0.4518005847930908
PSO,11,2,2,inf,8051,258,258,258,258,0.45151853561401367
PSO,11,3,2,inf,8051,-1,-1,-1,-1,0.44922375679016113
PSO,11,4,2,inf,8051,-1,-1,-1,-1,0.44001317024230957
PSO,11,5,2,inf,8051,309,309,309,309,0.44371604919433594
PSO,11,1,2,inf,8051,-1,-1,-1,-1,0.4432070255279541
PSO,11,2,2,inf,8051,513,513,513,513,0.44617509841918945
PSO,11,3,2,inf,8051,-1,-1,-1,-1,0.45505523681640625
PSO,11,4,2,inf,8051,-1,-1,-1,-1,0.4440014362335205
PSO,11,5,2,inf,8051,433,433,433,433,0.4656081199645996
PSO,11,1,2,inf,8051,-1,-1,-1,-1,0.45378541946411133
PSO,11,2,2,inf,8051,1047,1047,1047,1047,0.4523282051086426
PSO,11,3,2,inf,8051,-1,-1,-1,-1,0.45853185653686523
PSO,11,4,2,inf,8051,-1,-1,-1,-1,0.457827091217041
PSO,11,5,2,inf,8051,195,195,195,195,0.4434516429901123
PSO,12,1,2,inf,8051,74,74,74,74,0.4867703914642334
PSO,12,2,2,inf,8051,298,298,298,298,0.47482728958129883
PSO,12,3,2,inf,8051,-1,-1,-1,-1,0.46837830543518066
PSO,12,4,2,inf,8051,1056,1056,1056,1056,0.45229244232177734
PSO,12,5,2,inf,8051,-1,-1,-1,-1,0.44308900833129883
PSO,12,1,2,inf,8051,96,96,96,96,0.4613475799560547
PSO,12,2,2,inf,8051,331,331,331,331,0.45085740089416504
PSO,12,3,2,inf,8051,-1,-1,-1,-1,0.46593761444091797
PSO,12,4,2,inf,8051,136,136,136,136,0.44013166427612305
PSO,12,5,2,inf,8051,-1,-1,-1,-1,0.4484376907348633
PSO,12,1,2,inf,8051,206,206,206,206,0.46105456352233887
PSO,12,2,2,inf,8051,207,207,207,207,0.480682373046875
PSO,12,3,2,inf,8051,-1,-1,-1,-1,0.4909493923187256
PSO,12,4,2,inf,8051,112,112,112,112,0.4963037967681885
PSO,12,5,2,inf,8051,-1,-1,-1,-1,0.5118522644042969
PSO,13,1,2,inf,8051,-1,-1,-1,-1,0.46356940269470215
PSO,13,2,2,inf,8051,6,6,6,6,0.4810020923614502
PSO,13,3,2,inf,8051,4,4,4,4,0.5178172588348389
PSO,13,4,2,inf,8051,-1,-1,-1,-1,0.5168154239654541
PSO,13,5,2,inf,8051,-1,-1,-1,-1,0.4824044704437256
PSO,13,1,2,inf,8051,-1,-1,-1,-1,0.4229896068572998
PSO,13,2,2,inf,8051,14,14,14,14,0.43051934242248535
PSO,13,3,2,inf,8051,3,3,3,3,0.42128777503967285
PSO,13,4,2,inf,8051,-1,-1,-1,-1,0.4263722896575928
PSO,13,5,2,inf,8051,-1,-1,-1,-1,0.5121669769287109
PSO,13,1,2,inf,8051,-1,-1,-1,-1,0.46523141860961914
PSO,13,2,2,inf,8051,102,102,102,102,0.4261157512664795
PSO,13,3,2,inf,8051,1,1,1,1,0.41645026206970215
PSO,13,4,2,inf,8051,-1,-1,-1,-1,0.513798713684082
PSO,13,5,2,inf,8051,-1,-1,-1,-1,0.5001041889190674
PSO,14,1,2,inf,8051,1,1,1,1,0.46230649948120117
PSO,14,2,2,inf,8051,1,1,1,1,0.4669840335845947
PSO,14,3,2,inf,8051,-1,-1,-1,-1,0.48473215103149414
PSO,14,4,2,inf,8051,-1,-1,-1,-1,0.47993922233581543
PSO,14,5,2,inf,8051,1,1,1,1,0.5192904472351074
PSO,14,1,2,inf,8051,1,1,1,1,0.475008487701416
PSO,14,2,2,inf,8051,1,1,1,1,0.49658942222595215
PSO,14,3,2,inf,8051,-1,-1,-1,-1,0.47737765312194824
PSO,14,4,2,inf,8051,-1,-1,-1,-1,0.48071980476379395
PSO,14,5,2,inf,8051,1,1,1,1,0.478870153427124
PSO,14,1,2,inf,8051,1,1,1,1,0.4884927272796631
PSO,14,2,2,inf,8051,1,1,1,1,0.4955151081085205
PSO,14,3,2,inf,8051,-1,-1,-1,-1,0.4488842487335205
PSO,14,4,2,inf,8051,-1,-1,-1,-1,0.4533712863922119
PSO,14,5,2,inf,8051,3,3,3,3,0.47658276557922363
PSO,15,1,2,inf,8051,-1,-1,-1,-1,0.4853191375732422
PSO,15,2,2,inf,8051,-1,-1,-1,-1,0.45851850509643555
PSO,15,3,2,inf,8051,1,1,1,1,0.4623880386352539
PSO,15,4,2,inf,8051,-1,-1,-1,-1,0.48408961296081543
PSO,15,5,2,inf,8051,6,6,6,6,0.526839017868042
PSO,15,1,2,inf,8051,-1,-1,-1,-1,0.4941380023956299
PSO,15,2,2,inf,8051,-1,-1,-1,-1,0.5092885494232178
PSO,15,3,2,inf,8051,2,2,2,2,0.4971492290496826
PSO,15,4,2,inf,8051,-1,-1,-1,-1,0.5139284133911133
PSO,15,5,2,inf,8051,1,1,1,1,0.5024187564849854
PSO,15,1,2,inf,8051,-1,-1,-1,-1,0.5094273090362549
PSO,15,2,2,inf,8051,-1,-1,-1,-1,0.44361448287963867
PSO,15,3,2,inf,8051,4,4,4,4,0.4889543056488037
PSO,15,4,2,inf,8051,-1,-1,-1,-1,0.4560055732727051
PSO,15,5,2,inf,8051,7,7,7,7,0.4635000228881836
PSO,16,1,2,inf,8051,-1,-1,-1,-1,0.4913763999938965
PSO,16,2,2,inf,8051,1,1,1,1,0.4781341552734375
PSO,16,3,2,inf,8051,-1,-1,-1,-1,0.4851202964782715
PSO,16,4,2,inf,8051,1,1,1,1,0.49858641624450684
PSO,16,5,2,inf,8051,2,2,2,2,0.5085451602935791
PSO,16,1,2,inf,8051,-1,-1,-1,-1,0.45940375328063965
PSO,16,2,2,inf,8051,1,1,1,1,0.48906898498535156
PSO,16,3,2,inf,8051,-1,-1,-1,-1,0.5099387168884277
PSO,16,4,2,inf,8051,1,1,1,1,0.511909008026123
PSO,16,5,2,inf,8051,4,4,4,4,0.5365147590637207
PSO,16,1,2,inf,8051,-1,-1,-1,-1,0.47867870330810547
PSO,16,2,2,inf,8051,1,1,1,1,0.5531966686248779
PSO,16,3,2,inf,8051,-1,-1,-1,-1,0.4932126998901367
PSO,16,4,2,inf,8051,1,1,1,1,0.5074219703674316
PSO,16,5,2,inf,8051,3,3,3,3,0.4880790710449219
PSO,17,1,2,inf,8051,2,2,2,2,0.4955272674560547
PSO,17,2,2,inf,8051,-1,-1,-1,-1,0.4946272373199463
PSO,17,3,2,inf,8051,-1,-1,-1,-1,0.4772353172302246
PSO,17,4,2,inf,8051,-1,-1,-1,-1,0.49060487747192383
PSO,17,5,2,inf,8051,1,1,1,1,0.5304067134857178
PSO,17,1,2,inf,8051,7,7,7,7,0.5083014965057373
PSO,17,2,2,inf,8051,-1,-1,-1,-1,0.500530481338501
PSO,17,3,2,inf,8051,-1,-1,-1,-1,0.48911404609680176
PSO,17,4,2,inf,8051,-1,-1,-1,-1,0.5016796588897705
PSO,17,5,2,inf,8051,1,1,1,1,0.47195911407470703
PSO,17,1,2,inf,8051,5,5,5,5,0.49248552322387695
PSO,17,2,2,inf,8051,-1,-1,-1,-1,0.5071532726287842
PSO,17,3,2,inf,8051,-1,-1,-1,-1,0.4679701328277588
PSO,17,4,2,inf,8051,-1,-1,-1,-1,0.5184633731842041
PSO,17,5,2,inf,8051,1,1,1,1,0.4994657039642334
PSO,18,1,2,inf,8051,17,17,17,17,0.5377726554870605
PSO,18,2,2,inf,8051,-1,-1,-1,-1,0.490586519241333
PSO,18,3,2,inf,8051,-1,-1,-1,-1,0.47902917861938477
PSO,18,4,2,inf,8051,-1,-1,-1,-1,0.5215084552764893
PSO,18,5,2,inf,8051,6,6,6,6,0.4919874668121338
PSO,18,1,2,inf,8051,30,30,30,30,0.5150301456451416
PSO,18,2,2,inf,8051,-1,-1,-1,-1,0.45725226402282715
PSO,18,3,2,inf,8051,-1,-1,-1,-1,0.45279598236083984
PSO,18,4,2,inf,8051,-1,-1,-1,-1,0.44564342498779297
PSO,18,5,2,inf,8051,1,1,1,1,0.44857192039489746
PSO,18,1,2,inf,8051,41,41,41,41,0.4576249122619629
PSO,18,2,2,inf,8051,-1,-1,-1,-1,0.49486804008483887
PSO,18,3,2,inf,8051,-1,-1,-1,-1,0.4661381244659424
PSO,18,4,2,inf,8051,-1,-1,-1,-1,0.46124267578125
PSO,18,5,2,inf,8051,1,1,1,1,0.4889538288116455
PSO,19,1,2,inf,8051,1,1,1,1,0.4512758255004883
PSO,19,2,2,inf,8051,-1,-1,-1,-1,0.4201383590698242
PSO,19,3,2,inf,8051,-1,-1,-1,-1,0.4242103099822998
PSO,19,4,2,inf,8051,2,2,2,2,0.4095184803009033
PSO,19,5,2,inf,8051,1,1,1,1,0.4160778522491455
PSO,19,1,2,inf,8051,1,1,1,1,0.4254305362701416
PSO,19,2,2,inf,8051,-1,-1,-1,-1,0.4364166259765625
PSO,19,3,2,inf,8051,-1,-1,-1,-1,0.48603105545043945
PSO,19,4,2,inf,8051,1,1,1,1,0.5025215148925781
PSO,19,5,2,inf,8051,1,1,1,1,0.5144343376159668
PSO,19,1,2,inf,8051,1,1,1,1,0.468996524810791
PSO,19,2,2,inf,8051,-1,-1,-1,-1,0.5104608535766602
PSO,19,3,2,inf,8051,-1,-1,-1,-1,0.5088818073272705
PSO,19,4,2,inf,8051,1,1,1,1,0.5134646892547607
PSO,19,5,2,inf,8051,1,1,1,1,0.48435163497924805
PSO,20,1,2,inf,8051,3,3,3,3,0.4980137348175049
PSO,20,2,2,inf,8051,-1,-1,-1,-1,0.47950029373168945
PSO,20,3,2,inf,8051,-1,-1,-1,-1,0.5061986446380615
PSO,20,4,2,inf,8051,14,14,14,14,0.4405510425567627
PSO,20,5,2,inf,8051,13,13,13,13,0.44202518463134766
PSO,20,1,2,inf,8051,16,16,16,16,0.443483829498291
PSO,20,2,2,inf,8051,-1,-1,-1,-1,0.44652628898620605
PSO,20,3,2,inf,8051,-1,-1,-1,-1,0.4569664001464844
PSO,20,4,2,inf,8051,3,3,3,3,0.463700532913208
PSO,20,5,2,inf,8051,17,17,17,17,0.47250890731811523
PSO,20,1,2,inf,8051,11,11,11,11,0.47177791595458984
PSO,20,2,2,inf,8051,-1,-1,-1,-1,0.4583911895751953
PSO,20,3,2,inf,8051,-1,-1,-1,-1,0.5101635456085205
PSO,20,4,2,inf,8051,6,6,6,6,0.49849510192871094
PSO,20,5,2,inf,8051,5,5,5,5,0.5091190338134766
PSO,21,1,2,inf,8051,-1,-1,-1,-1,0.5485329627990723
PSO,21,2,2,inf,8051,67,67,67,67,0.4925532341003418
PSO,21,3,2,inf,8051,1,1,1,1,0.596285343170166
PSO,21,4,2,inf,8051,1,1,1,1,0.5705726146697998
PSO,21,5,2,inf,8051,-1,-1,-1,-1,0.4458739757537842
PSO,21,1,2,inf,8051,-1,-1,-1,-1,0.5220677852630615
PSO,21,2,2,inf,8051,14,14,14,14,0.46099185943603516
PSO,21,3,2,inf,8051,1,1,1,1,0.44785594940185547
PSO,21,4,2,inf,8051,1,1,1,1,0.478330135345459
PSO,21,5,2,inf,8051,-1,-1,-1,-1,0.4760463237762451
PSO,21,1,2,inf,8051,-1,-1,-1,-1,0.4828338623046875
PSO,21,2,2,inf,8051,133,133,133,133,0.5479130744934082
PSO,21,3,2,inf,8051,1,1,1,1,0.4967484474182129
PSO,21,4,2,inf,8051,1,1,1,1,0.4783923625946045
PSO,21,5,2,inf,8051,-1,-1,-1,-1,0.4816756248474121
PSO,22,1,2,inf,8051,1,1,1,1,0.459566593170166
PSO,22,2,2,inf,8051,-1,-1,-1,-1,0.4354987144470215
PSO,22,3,2,inf,8051,1,1,1,1,0.5229864120483398
PSO,22,4,2,inf,8051,-1,-1,-1,-1,0.46531176567077637
PSO,22,5,2,inf,8051,-1,-1,-1,-1,0.4828500747680664
PSO,22,1,2,inf,8051,1,1,1,1,0.43694496154785156
PSO,22,2,2,inf,8051,-1,-1,-1,-1,0.4393761157989502
PSO,22,3,2,inf,8051,1,1,1,1,0.4465956687927246
PSO,22,4,2,inf,8051,-1,-1,-1,-1,0.4657883644104004
PSO,22,5,2,inf,8051,-1,-1,-1,-1,0.5089528560638428
PSO,22,1,2,inf,8051,1,1,1,1,0.4972219467163086
PSO,22,2,2,inf,8051,-1,-1,-1,-1,0.48743462562561035
PSO,22,3,2,inf,8051,2,2,2,2,0.5847623348236084
PSO,22,4,2,inf,8051,-1,-1,-1,-1,0.5014703273773193
PSO,22,5,2,inf,8051,-1,-1,-1,-1,0.5742321014404297
PSO,23,1,2,inf,8051,-1,-1,-1,-1,0.46030139923095703
PSO,23,2,2,inf,8051,4972,-1,-1,-1,0.50089430809021
PSO,23,3,2,inf,8051,1,1,1,1,0.5000443458557129
PSO,23,4,2,inf,8051,1,1,1,1,0.5104942321777344
PSO,23,5,2,inf,8051,1,1,1,1,0.5639996528625488
PSO,23,1,2,inf,8051,-1,-1,-1,-1,0.4534492492675781
PSO,23,2,2,inf,8051,4808,-1,-1,-1,0.4422125816345215
PSO,23,3,2,inf,8051,1,1,1,1,0.4728262424468994
PSO,23,4,2,inf,8051,1,1,1,1,0.5326023101806641
PSO,23,5,2,inf,8051,4,4,4,4,0.5902504920959473
PSO,23,1,2,inf,8051,-1,-1,-1,-1,0.5149717330932617
PSO,23,2,2,inf,8051,5173,-1,-1,-1,0.5114240646362305
PSO,23,3,2,inf,8051,1,1,1,1,0.5130825042724609
PSO,23,4,2,inf,8051,1,1,1,1,0.44734716415405273
PSO,23,5,2,inf,8051,1,1,1,1,0.448138952255249
PSO,24,1,2,inf,8051,-1,-1,-1,-1,0.4365110397338867
PSO,24,2,2,inf,8051,-1,-1,-1,-1,0.4259684085845947
PSO,24,3,2,inf,8051,-1,-1,-1,-1,0.42790651321411133
PSO,24,4,2,inf,8051,-1,-1,-1,-1,0.4287893772125244
PSO,24,5,2,inf,8051,1,1,1,1,0.42713189125061035
PSO,24,1,2,inf,8051,-1,-1,-1,-1,0.41588521003723145
PSO,24,2,2,inf,8051,-1,-1,-1,-1,0.4291508197784424
PSO,24,3,2,inf,8051,-1,-1,-1,-1,0.42939186096191406
PSO,24,4,2,inf,8051,-1,-1,-1,-1,0.43135952949523926
PSO,24,5,2,inf,8051,1,1,1,1,0.42690443992614746
PSO,24,1,2,inf,8051,-1,-1,-1,-1,0.42188501358032227
PSO,24,2,2,inf,8051,-1,-1,-1,-1,0.4781026840209961
PSO,24,3,2,inf,8051,-1,-1,-1,-1,0.42708587646484375
PSO,24,4,2,inf,8051,-1,-1,-1,-1,0.4444572925567627
PSO,24,5,2,inf,8051,1,1,1,1,0.4407355785369873
PSO,1,1,3,inf,12051,-1,-1,-1,-1,0.6659073829650879
PSO,1,2,3,inf,12051,-1,-1,-1,-1,0.6398866176605225
PSO,1,3,3,inf,12051,1,1,1,1,0.6910991668701172
PSO,1,4,3,inf,12051,1,1,1,1,0.6596395969390869
PSO,1,5,3,inf,12051,1,1,1,1,0.8028247356414795
PSO,1,1,3,inf,12051,-1,-1,-1,-1,0.7326083183288574
PSO,1,2,3,inf,12051,-1,-1,-1,-1,0.6655771732330322
PSO,1,3,3,inf,12051,1,1,1,1,0.6564702987670898
PSO,1,4,3,inf,12051,1,1,1,1,0.698124885559082
PSO,1,5,3,inf,12051,2,2,2,2,0.6712133884429932
PSO,1,1,3,inf,12051,-1,-1,-1,-1,0.6672103404998779
PSO,1,2,3,inf,12051,-1,-1,-1,-1,0.689873456954956
PSO,1,3,3,inf,12051,1,1,1,1,0.6502666473388672
PSO,1,4,3,inf,12051,1,1,1,1,0.677776575088501
PSO,1,5,3,inf,12051,5,5,5,5,0.6810848712921143
PSO,2,1,3,inf,12051,395,395,395,395,0.7549748420715332
PSO,2,2,3,inf,12051,323,323,323,323,0.7322845458984375
PSO,2,3,3,inf,12051,350,350,350,350,0.6672556400299072
PSO,2,4,3,inf,12051,-1,-1,-1,-1,0.665733814239502
PSO,2,5,3,inf,12051,461,461,461,461,0.6830253601074219
PSO,2,1,3,inf,12051,157,157,157,157,0.6716768741607666
PSO,2,2,3,inf,12051,472,472,472,472,0.6692702770233154
PSO,2,3,3,inf,12051,455,455,455,455,0.8389732837677002
PSO,2,4,3,inf,12051,-1,-1,-1,-1,0.6800508499145508
PSO,2,5,3,inf,12051,317,317,317,317,0.7301614284515381
PSO,2,1,3,inf,12051,252,252,252,252,0.6767425537109375
PSO,2,2,3,inf,12051,379,379,379,379,0.7064468860626221
PSO,2,3,3,inf,12051,402,402,402,402,0.6898953914642334
PSO,2,4,3,inf,12051,-1,-1,-1,-1,0.8029441833496094
PSO,2,5,3,inf,12051,483,483,483,483,0.6737687587738037
PSO,3,1,3,inf,12051,1,1,1,1,0.6845200061798096
PSO,3,2,3,inf,12051,-1,-1,-1,-1,0.6863350868225098
PSO,3,3,3,inf,12051,-1,-1,-1,-1,0.7074763774871826
PSO,3,4,3,inf,12051,640,640,640,640,0.6628594398498535
PSO,3,5,3,inf,12051,-1,-1,-1,-1,0.7034265995025635
PSO,3,1,3,inf,12051,1,1,1,1,0.7103018760681152
PSO,3,2,3,inf,12051,-1,-1,-1,-1,0.7351198196411133
PSO,3,3,3,inf,12051,-1,-1,-1,-1,0.7600083351135254
PSO,3,4,3,inf,12051,656,656,656,656,0.738572359085083
PSO,3,5,3,inf,12051,-1,-1,-1,-1,0.7396440505981445
PSO,3,1,3,inf,12051,1,1,1,1,0.7213864326477051
PSO,3,2,3,inf,12051,-1,-1,-1,-1,0.7220919132232666
PSO,3,3,3,inf,12051,-1,-1,-1,-1,0.7766311168670654
PSO,3,4,3,inf,12051,607,607,607,607,0.7515912055969238
PSO,3,5,3,inf,12051,-1,-1,-1,-1,0.7130637168884277
PSO,4,1,3,inf,12051,3,3,3,3,0.7230367660522461
PSO,4,2,3,inf,12051,-1,-1,-1,-1,0.7531054019927979
PSO,4,3,3,inf,12051,-1,-1,-1,-1,0.7861275672912598
PSO,4,4,3,inf,12051,604,604,604,604,0.8189263343811035
PSO,4,5,3,inf,12051,-1,-1,-1,-1,0.7235457897186279
PSO,4,1,3,inf,12051,1,1,1,1,0.7032396793365479
PSO,4,2,3,inf,12051,-1,-1,-1,-1,0.7712318897247314
PSO,4,3,3,inf,12051,-1,-1,-1,-1,0.7453997135162354
PSO,4,4,3,inf,12051,1175,1175,1175,1175,0.7377090454101562
PSO,4,5,3,inf,12051,-1,-1,-1,-1,0.7083125114440918
PSO,4,1,3,inf,12051,2,2,2,2,0.7096598148345947
PSO,4,2,3,inf,12051,-1,-1,-1,-1,0.7281763553619385
PSO,4,3,3,inf,12051,-1,-1,-1,-1,0.8433017730712891
PSO,4,4,3,inf,12051,906,906,906,906,0.7373921871185303
PSO,4,5,3,inf,12051,-1,-1,-1,-1,0.7433533668518066
PSO,5,1,3,inf,12051,77,77,77,77,0.677295446395874
PSO,5,2,3,inf,12051,-1,-1,-1,-1,0.6657145023345947
PSO,5,3,3,inf,12051,-1,-1,-1,-1,0.6528744697570801
PSO,5,4,3,inf,12051,-1,-1,-1,-1,0.666691780090332
PSO,5,5,3,inf,12051,4,4,4,4,0.633819580078125
PSO,5,1,3,inf,12051,66,66,66,66,0.6235649585723877
PSO,5,2,3,inf,12051,-1,-1,-1,-1,0.6675951480865479
PSO,5,3,3,inf,12051,-1,-1,-1,-1,0.6528670787811279
PSO,5,4,3,inf,12051,-1,-1,-1,-1,0.6470992565155029
PSO,5,5,3,inf,12051,4,4,4,4,0.6353261470794678
PSO,5,1,3,inf,12051,149,149,149,149,0.6456892490386963
PSO,5,2,3,inf,12051,-1,-1,-1,-1,0.6418063640594482
PSO,5,3,3,inf,12051,-1,-1,-1,-1,0.7118434906005859
PSO,5,4,3,inf,12051,-1,-1,-1,-1,0.6531534194946289
PSO,5,5,3,inf,12051,6,6,6,6,0.6349391937255859
PSO,6,1,3,inf,12051,-1,-1,-1,-1,0.6734619140625
PSO,6,2,3,inf,12051,-1,-1,-1,-1,0.7021257877349854
PSO,6,3,3,inf,12051,18,18,18,18,0.7129712104797363
PSO,6,4,3,inf,12051,-1,-1,-1,-1,0.699350118637085
PSO,6,5,3,inf,12051,-1,-1,-1,-1,0.6880896091461182
PSO,6,1,3,inf,12051,-1,-1,-1,-1,0.7726900577545166
PSO,6,2,3,inf,12051,-1,-1,-1,-1,0.731604814529419
PSO,6,3,3,inf,12051,21,21,21,21,0.7097561359405518
PSO,6,4,3,inf,12051,-1,-1,-1,-1,0.7315871715545654
PSO,6,5,3,inf,12051,-1,-1,-1,-1,0.703510046005249
PSO,6,1,3,inf,12051,-1,-1,-1,-1,0.7361230850219727
PSO,6,2,3,inf,12051,-1,-1,-1,-1,0.7229506969451904
PSO,6,3,3,inf,12051,21,21,21,21,0.7065527439117432
PSO,6,4,3,inf,12051,-1,-1,-1,-1,0.733879804611206
PSO,6,5,3,inf,12051,-1,-1,-1,-1,0.7007665634155273
PSO,7,1,3,inf,12051,-1,-1,-1,-1,0.7369918823242188
PSO,7,2,3,inf,12051,-1,-1,-1,-1,0.823906660079956
PSO,7,3,3,inf,12051,-1,-1,-1,-1,0.6798956394195557
PSO,7,4,3,inf,12051,-1,-1,-1,-1,0.6488771438598633
PSO,7,5,3,inf,12051,-1,-1,-1,-1,0.6267642974853516
PSO,7,1,3,inf,12051,-1,-1,-1,-1,0.6318070888519287
PSO,7,2,3,inf,12051,-1,-1,-1,-1,0.7284839153289795
PSO,7,3,3,inf,12051,-1,-1,-1,-1,0.6774020195007324
PSO,7,4,3,inf,12051,-1,-1,-1,-1,0.7738046646118164
PSO,7,5,3,inf,12051,-1,-1,-1,-1,0.7060747146606445
PSO,7,1,3,inf,12051,-1,-1,-1,-1,0.665949821472168
PSO,7,2,3,inf,12051,-1,-1,-1,-1,0.6473994255065918
PSO,7,3,3,inf,12051,-1,-1,-1,-1,0.698352575302124
PSO,7,4,3,inf,12051,-1,-1,-1,-1,0.8374893665313721
PSO,7,5,3,inf,12051,-1,-1,-1,-1,0.7990665435791016
PSO,8,1,3,inf,12051,-1,-1,-1,-1,0.6839284896850586
PSO,8,2,3,inf,12051,16,16,16,16,0.7425024509429932
PSO,8,3,3,inf,12051,-1,-1,-1,-1,0.6262853145599365
PSO,8,4,3,inf,12051,15,15,15,15,0.621147871017456
PSO,8,5,3,inf,12051,-1,-1,-1,-1,0.624873161315918
PSO,8,1,3,inf,12051,-1,-1,-1,-1,0.6374852657318115
PSO,8,2,3,inf,12051,2,2,2,2,0.645003080368042
PSO,8,3,3,inf,12051,-1,-1,-1,-1,0.6342272758483887
PSO,8,4,3,inf,12051,170,170,170,170,0.6375768184661865
PSO,8,5,3,inf,12051,-1,-1,-1,-1,0.6500134468078613
PSO,8,1,3,inf,12051,-1,-1,-1,-1,0.6457953453063965
PSO,8,2,3,inf,12051,20,20,20,20,0.6343646049499512
PSO,8,3,3,inf,12051,-1,-1,-1,-1,0.6601905822753906
PSO,8,4,3,inf,12051,54,54,54,54,0.62923264503479
PSO,8,5,3,inf,12051,-1,-1,-1,-1,0.6839249134063721
PSO,9,1,3,inf,12051,-1,-1,-1,-1,0.7151048183441162
PSO,9,2,3,inf,12051,-1,-1,-1,-1,0.7159497737884521
PSO,9,3,3,inf,12051,-1,-1,-1,-1,0.7095749378204346
PSO,9,4,3,inf,12051,119,119,119,119,0.6917102336883545
PSO,9,5,3,inf,12051,-1,-1,-1,-1,0.7008283138275146
PSO,9,1,3,inf,12051,-1,-1,-1,-1,0.729445219039917
PSO,9,2,3,inf,12051,-1,-1,-1,-1,0.7060680389404297
PSO,9,3,3,inf,12051,-1,-1,-1,-1,0.7149159908294678
PSO,9,4,3,inf,12051,73,73,73,73,0.718254566192627
PSO,9,5,3,inf,12051,-1,-1,-1,-1,0.7080953121185303
PSO,9,1,3,inf,12051,-1,-1,-1,-1,0.6538164615631104
PSO,9,2,3,inf,12051,-1,-1,-1,-1,0.715578556060791
PSO,9,3,3,inf,12051,-1,-1,-1,-1,0.7334058284759521
PSO,9,4,3,inf,12051,58,58,58,58,0.6830284595489502
PSO,9,5,3,inf,12051,-1,-1,-1,-1,0.6746406555175781
PSO,10,1,3,inf,12051,467,467,467,467,0.6839072704315186
PSO,10,2,3,inf,12051,-1,-1,-1,-1,0.7256429195404053
PSO,10,3,3,inf,12051,230,230,230,230,0.7590770721435547
PSO,10,4,3,inf,12051,469,469,469,469,0.7345414161682129
PSO,10,5,3,inf,12051,659,659,659,659,0.6889710426330566
PSO,10,1,3,inf,12051,71,71,71,71,0.6911270618438721
PSO,10,2,3,inf,12051,-1,-1,-1,-1,0.7059304714202881
PSO,10,3,3,inf,12051,307,307,307,307,0.7035489082336426
PSO,10,4,3,inf,12051,517,517,517,517,0.7616887092590332
PSO,10,5,3,inf,12051,253,253,253,253,0.7426152229309082
PSO,10,1,3,inf,12051,296,296,296,296,0.7165985107421875
PSO,10,2,3,inf,12051,-1,-1,-1,-1,0.7363018989562988
PSO,10,3,3,inf,12051,319,319,319,319,0.7536904811859131
PSO,10,4,3,inf,12051,236,236,236,236,0.7061502933502197
PSO,10,5,3,inf,12051,438,438,438,438,0.7088510990142822
PSO,11,1,3,inf,12051,-1,-1,-1,-1,0.6941046714782715
PSO,11,2,3,inf,12051,463,463,463,463,0.7023656368255615
PSO,11,3,3,inf,12051,-1,-1,-1,-1,0.7250919342041016
PSO,11,4,3,inf,12051,-1,-1,-1,-1,0.7202389240264893
PSO,11,5,3,inf,12051,320,320,320,320,0.7382547855377197
PSO,11,1,3,inf,12051,-1,-1,-1,-1,0.6888184547424316
PSO,11,2,3,inf,12051,1087,1087,1087,1087,0.6922125816345215
PSO,11,3,3,inf,12051,-1,-1,-1,-1,0.7135274410247803
PSO,11,4,3,inf,12051,-1,-1,-1,-1,0.7145636081695557
PSO,11,5,3,inf,12051,192,192,192,192,0.7056772708892822
PSO,11,1,3,inf,12051,-1,-1,-1,-1,0.693645715713501
PSO,11,2,3,inf,12051,305,305,305,305,0.6973226070404053
PSO,11,3,3,inf,12051,-1,-1,-1,-1,0.6990971565246582
PSO,11,4,3,inf,12051,-1,-1,-1,-1,0.6839163303375244
PSO,11,5,3,inf,12051,286,286,286,286,0.6906347274780273
PSO,12,1,3,inf,12051,592,592,592,592,0.6595096588134766
PSO,12,2,3,inf,12051,487,487,487,487,0.6849987506866455
PSO,12,3,3,inf,12051,-1,-1,-1,-1,0.6954336166381836
PSO,12,4,3,inf,12051,5476,5476,5476,5476,0.6898725032806396
PSO,12,5,3,inf,12051,-1,-1,-1,-1,0.6888611316680908
PSO,12,1,3,inf,12051,459,459,459,459,0.6963157653808594
PSO,12,2,3,inf,12051,411,411,411,411,0.6623406410217285
PSO,12,3,3,inf,12051,-1,-1,-1,-1,0.6568613052368164
PSO,12,4,3,inf,12051,893,893,893,893,0.6731226444244385
PSO,12,5,3,inf,12051,-1,-1,-1,-1,0.6142990589141846
PSO,12,1,3,inf,12051,361,361,361,361,0.6283433437347412
PSO,12,2,3,inf,12051,522,522,522,522,0.6209003925323486
PSO,12,3,3,inf,12051,-1,-1,-1,-1,0.6127867698669434
PSO,12,4,3,inf,12051,758,758,758,758,0.6539881229400635
PSO,12,5,3,inf,12051,-1,-1,-1,-1,0.6217827796936035
PSO,13,1,3,inf,12051,-1,-1,-1,-1,0.6394433975219727
PSO,13,2,3,inf,12051,264,264,264,264,0.6978974342346191
PSO,13,3,3,inf,12051,15,15,15,15,0.6493089199066162
PSO,13,4,3,inf,12051,-1,-1,-1,-1,0.7549042701721191
PSO,13,5,3,inf,12051,-1,-1,-1,-1,0.713883638381958
PSO,13,1,3,inf,12051,-1,-1,-1,-1,0.6883294582366943
PSO,13,2,3,inf,12051,367,367,367,367,0.7473232746124268
PSO,13,3,3,inf,12051,21,21,21,21,0.6930074691772461
PSO,13,4,3,inf,12051,-1,-1,-1,-1,0.6997339725494385
PSO,13,5,3,inf,12051,-1,-1,-1,-1,0.7048261165618896
PSO,13,1,3,inf,12051,-1,-1,-1,-1,0.7276482582092285
PSO,13,2,3,inf,12051,106,106,106,106,0.7157526016235352
PSO,13,3,3,inf,12051,14,14,14,14,0.6967694759368896
PSO,13,4,3,inf,12051,-1,-1,-1,-1,0.7018911838531494
PSO,13,5,3,inf,12051,-1,-1,-1,-1,0.6889004707336426
PSO,14,1,3,inf,12051,2,2,2,2,0.6876628398895264
PSO,14,2,3,inf,12051,1,1,1,1,0.7310543060302734
PSO,14,3,3,inf,12051,-1,-1,-1,-1,0.6401486396789551
PSO,14,4,3,inf,12051,-1,-1,-1,-1,0.6196184158325195
PSO,14,5,3,inf,12051,2,2,2,2,0.6525213718414307
PSO,14,1,3,inf,12051,1,1,1,1,0.625718355178833
PSO,14,2,3,inf,12051,1,1,1,1,0.6205868721008301
PSO,14,3,3,inf,12051,-1,-1,-1,-1,0.6223905086517334
PSO,14,4,3,inf,12051,-1,-1,-1,-1,0.6148369312286377
PSO,14,5,3,inf,12051,1,1,1,1,0.6160175800323486
PSO,14,1,3,inf,12051,1,1,1,1,0.6161820888519287
PSO,14,2,3,inf,12051,1,1,1,1,0.6232233047485352
PSO,14,3,3,inf,12051,-1,-1,-1,-1,0.6353154182434082
PSO,14,4,3,inf,12051,-1,-1,-1,-1,0.6346333026885986
PSO,14,5,3,inf,12051,3,3,3,3,0.643810510635376
PSO,15,1,3,inf,12051,-1,-1,-1,-1,0.6629035472869873
PSO,15,2,3,inf,12051,-1,-1,-1,-1,0.6656200885772705
PSO,15,3,3,inf,12051,16,16,16,16,0.6596701145172119
PSO,15,4,3,inf,12051,-1,-1,-1,-1,0.6627094745635986
PSO,15,5,3,inf,12051,3,3,3,3,0.6509881019592285
PSO,15,1,3,inf,12051,-1,-1,-1,-1,0.6609106063842773
PSO,15,2,3,inf,12051,-1,-1,-1,-1,0.6631636619567871
PSO,15,3,3,inf,12051,20,20,20,20,0.6662983894348145
PSO,15,4,3,inf,12051,-1,-1,-1,-1,0.6576008796691895
PSO,15,5,3,inf,12051,7,7,7,7,0.6660275459289551
PSO,15,1,3,inf,12051,-1,-1,-1,-1,0.6589257717132568
PSO,15,2,3,inf,12051,-1,-1,-1,-1,0.6502852439880371
PSO,15,3,3,inf,12051,33,33,33,33,0.6692812442779541
PSO,15,4,3,inf,12051,-1,-1,-1,-1,0.6706950664520264
PSO,15,5,3,inf,12051,3,3,3,3,0.6783545017242432
PSO,16,1,3,inf,12051,-1,-1,-1,-1,0.6928918361663818
PSO,16,2,3,inf,12051,1,1,1,1,0.7440276145935059
PSO,16,3,3,inf,12051,-1,-1,-1,-1,0.6627850532531738
PSO,16,4,3,inf,12051,1,1,1,1,0.6867125034332275
PSO,16,5,3,inf,12051,2,2,2,2,0.6638524532318115
PSO,16,1,3,inf,12051,-1,-1,-1,-1,0.659553050994873
PSO,16,2,3,inf,12051,1,1,1,1,0.7067396640777588
PSO,16,3,3,inf,12051,-1,-1,-1,-1,0.6734201908111572
PSO,16,4,3,inf,12051,1,1,1,1,0.6577692031860352
PSO,16,5,3,inf,12051,3,3,3,3,0.6595714092254639
PSO,16,1,3,inf,12051,-1,-1,-1,-1,0.672147274017334
PSO,16,2,3,inf,12051,1,1,1,1,0.6833384037017822
PSO,16,3,3,inf,12051,-1,-1,-1,-1,0.66335129737854
PSO,16,4,3,inf,12051,1,1,1,1,0.6600885391235352
PSO,16,5,3,inf,12051,2,2,2,2,0.6778373718261719
PSO,17,1,3,inf,12051,1,1,1,1,0.7954978942871094
PSO,17,2,3,inf,12051,-1,-1,-1,-1,0.827164888381958
PSO,17,3,3,inf,12051,-1,-1,-1,-1,0.6759822368621826
PSO,17,4,3,inf,12051,-1,-1,-1,-1,0.6664555072784424
PSO,17,5,3,inf,12051,1,1,1,1,0.7055022716522217
PSO,17,1,3,inf,12051,22,22,22,22,0.6968262195587158
PSO,17,2,3,inf,12051,-1,-1,-1,-1,0.7088892459869385
PSO,17,3,3,inf,12051,-1,-1,-1,-1,0.657217264175415
PSO,17,4,3,inf,12051,-1,-1,-1,-1,0.6628549098968506
PSO,17,5,3,inf,12051,1,1,1,1,0.6612529754638672
PSO,17,1,3,inf,12051,1,1,1,1,0.6818609237670898
PSO,17,2,3,inf,12051,-1,-1,-1,-1,0.7198998928070068
PSO,17,3,3,inf,12051,-1,-1,-1,-1,0.750037670135498
PSO,17,4,3,inf,12051,-1,-1,-1,-1,0.7693309783935547
PSO,17,5,3,inf,12051,1,1,1,1,0.7537915706634521
PSO,18,1,3,inf,12051,88,88,88,88,0.7462835311889648
PSO,18,2,3,inf,12051,-1,-1,-1,-1,0.6955201625823975
PSO,18,3,3,inf,12051,-1,-1,-1,-1,0.7137365341186523
PSO,18,4,3,inf,12051,-1,-1,-1,-1,0.7403130531311035
PSO,18,5,3,inf,12051,1,1,1,1,0.7804772853851318
PSO,18,1,3,inf,12051,29,29,29,29,0.7727441787719727
PSO,18,2,3,inf,12051,-1,-1,-1,-1,0.7556076049804688
PSO,18,3,3,inf,12051,-1,-1,-1,-1,0.7328109741210938
PSO,18,4,3,inf,12051,-1,-1,-1,-1,0.7179160118103027
PSO,18,5,3,inf,12051,1,1,1,1,0.7464561462402344
PSO,18,1,3,inf,12051,27,27,27,27,0.7813482284545898
PSO,18,2,3,inf,12051,-1,-1,-1,-1,0.6638679504394531
PSO,18,3,3,inf,12051,-1,-1,-1,-1,0.6583566665649414
PSO,18,4,3,inf,12051,-1,-1,-1,-1,0.6611130237579346
PSO,18,5,3,inf,12051,3,3,3,3,0.6798081398010254
PSO,19,1,3,inf,12051,1,1,1,1,0.6472487449645996
PSO,19,2,3,inf,12051,-1,-1,-1,-1,0.6543245315551758
PSO,19,3,3,inf,12051,-1,-1,-1,-1,0.6525077819824219
PSO,19,4,3,inf,12051,4,4,4,4,0.6504287719726562
PSO,19,5,3,inf,12051,1,1,1,1,0.6330645084381104
PSO,19,1,3,inf,12051,1,1,1,1,0.6448748111724854
PSO,19,2,3,inf,12051,-1,-1,-1,-1,0.6225011348724365
PSO,19,3,3,inf,12051,-1,-1,-1,-1,0.632953405380249
PSO,19,4,3,inf,12051,1,1,1,1,0.674140453338623
PSO,19,5,3,inf,12051,1,1,1,1,0.645902156829834
PSO,19,1,3,inf,12051,1,1,1,1,0.6926121711730957
PSO,19,2,3,inf,12051,-1,-1,-1,-1,0.6543817520141602
PSO,19,3,3,inf,12051,-1,-1,-1,-1,0.7543671131134033
PSO,19,4,3,inf,12051,1,1,1,1,0.63358473777771
PSO,19,5,3,inf,12051,1,1,1,1,0.6726272106170654
PSO,20,1,3,inf,12051,27,27,27,27,0.6901264190673828
PSO,20,2,3,inf,12051,-1,-1,-1,-1,0.6801769733428955
PSO,20,3,3,inf,12051,-1,-1,-1,-1,0.6745624542236328
PSO,20,4,3,inf,12051,63,63,63,63,0.7028436660766602
PSO,20,5,3,inf,12051,23,23,23,23,0.6903352737426758
PSO,20,1,3,inf,12051,9,9,9,9,0.7431612014770508
PSO,20,2,3,inf,12051,-1,-1,-1,-1,0.7127695083618164
PSO,20,3,3,inf,12051,-1,-1,-1,-1,0.6557397842407227
PSO,20,4,3,inf,12051,53,53,53,53,0.6689088344573975
PSO,20,5,3,inf,12051,49,49,49,49,0.7250447273254395
PSO,20,1,3,inf,12051,12,12,12,12,0.7935197353363037
PSO,20,2,3,inf,12051,-1,-1,-1,-1,0.680264949798584
PSO,20,3,3,inf,12051,-1,-1,-1,-1,0.6698226928710938
PSO,20,4,3,inf,12051,51,51,51,51,0.7449681758880615
PSO,20,5,3,inf,12051,50,50,50,50,0.7250542640686035
PSO,21,1,3,inf,12051,-1,-1,-1,-1,0.8039882183074951
PSO,21,2,3,inf,12051,35,35,35,35,0.7144665718078613
PSO,21,3,3,inf,12051,1,1,1,1,0.7214784622192383
PSO,21,4,3,inf,12051,3,3,3,3,0.7032368183135986
PSO,21,5,3,inf,12051,-1,-1,-1,-1,0.7129907608032227
PSO,21,1,3,inf,12051,-1,-1,-1,-1,0.7895045280456543
PSO,21,2,3,inf,12051,631,904,904,904,0.7310628890991211
PSO,21,3,3,inf,12051,1,1,1,1,0.7448790073394775
PSO,21,4,3,inf,12051,4,4,4,4,0.7337439060211182
PSO,21,5,3,inf,12051,-1,-1,-1,-1,0.7006614208221436
PSO,21,1,3,inf,12051,-1,-1,-1,-1,0.7141714096069336
PSO,21,2,3,inf,12051,167,167,167,167,0.7186253070831299
PSO,21,3,3,inf,12051,1,1,1,1,0.712522029876709
PSO,21,4,3,inf,12051,1,1,1,1,0.7173707485198975
PSO,21,5,3,inf,12051,-1,-1,-1,-1,0.7837536334991455
PSO,22,1,3,inf,12051,1,1,1,1,0.7304410934448242
PSO,22,2,3,inf,12051,-1,-1,-1,-1,0.7305512428283691
PSO,22,3,3,inf,12051,3,3,3,3,0.7385458946228027
PSO,22,4,3,inf,12051,-1,-1,-1,-1,0.7213618755340576
PSO,22,5,3,inf,12051,-1,-1,-1,-1,0.6404147148132324
PSO,22,1,3,inf,12051,1,1,1,1,0.7044236660003662
PSO,22,2,3,inf,12051,-1,-1,-1,-1,0.6556069850921631
PSO,22,3,3,inf,12051,2,2,2,2,0.6507852077484131
PSO,22,4,3,inf,12051,-1,-1,-1,-1,0.6647238731384277
PSO,22,5,3,inf,12051,-1,-1,-1,-1,0.6725211143493652
PSO,22,1,3,inf,12051,1,1,1,1,0.6515319347381592
PSO,22,2,3,inf,12051,-1,-1,-1,-1,0.643303394317627
PSO,22,3,3,inf,12051,2,2,2,2,0.7024970054626465
PSO,22,4,3,inf,12051,-1,-1,-1,-1,0.7702479362487793
PSO,22,5,3,inf,12051,-1,-1,-1,-1,0.6750593185424805
PSO,23,1,3,inf,12051,-1,-1,-1,-1,0.6686880588531494
PSO,23,2,3,inf,12051,2476,-1,-1,-1,0.701491117477417
PSO,23,3,3,inf,12051,1,1,1,1,0.6733238697052002
PSO,23,4,3,inf,12051,1,1,1,1,0.6620051860809326
PSO,23,5,3,inf,12051,1,1,1,1,0.6581070423126221
PSO,23,1,3,inf,12051,-1,-1,-1,-1,0.6715033054351807
PSO,23,2,3,inf,12051,-1,-1,-1,-1,0.6646671295166016
PSO,23,3,3,inf,12051,1,1,1,1,0.6626412868499756
PSO,23,4,3,inf,12051,1,1,1,1,0.6612975597381592
PSO,23,5,3,inf,12051,1,1,1,1,0.6727111339569092
PSO,23,1,3,inf,12051,-1,-1,-1,-1,0.7194802761077881
PSO,23,2,3,inf,12051,7972,-1,-1,-1,0.8312168121337891
PSO,23,3,3,inf,12051,1,1,1,1,0.7121129035949707
PSO,23,4,3,inf,12051,1,1,1,1,0.6623029708862305
PSO,23,5,3,inf,12051,1,1,1,1,0.6309554576873779
PSO,24,1,3,inf,12051,-1,-1,-1,-1,0.6284079551696777
PSO,24,2,3,inf,12051,-1,-1,-1,-1,0.6244246959686279
PSO,24,3,3,inf,12051,-1,-1,-1,-1,0.6740407943725586
PSO,24,4,3,inf,12051,-1,-1,-1,-1,0.7292604446411133
PSO,24,5,3,inf,12051,1,1,1,1,0.641183614730835
PSO,24,1,3,inf,12051,-1,-1,-1,-1,0.6306881904602051
PSO,24,2,3,inf,12051,-1,-1,-1,-1,0.6386260986328125
PSO,24,3,3,inf,12051,-1,-1,-1,-1,0.6557772159576416
PSO,24,4,3,inf,12051,-1,-1,-1,-1,0.6849238872528076
PSO,24,5,3,inf,12051,1,1,1,1,0.7300736904144287
PSO,24,1,3,inf,12051,-1,-1,-1,-1,0.6789546012878418
PSO,24,2,3,inf,12051,-1,-1,-1,-1,0.6923737525939941
PSO,24,3,3,inf,12051,-1,-1,-1,-1,0.6849408149719238
PSO,24,4,3,inf,12051,-1,-1,-1,-1,0.6707494258880615
PSO,24,5,3,inf,12051,1,1,1,1,0.6681928634643555
PSO,1,1,5,inf,20051,-1,-1,-1,-1,1.1278858184814453
PSO,1,2,5,inf,20051,-1,-1,-1,-1,1.106344223022461
PSO,1,3,5,inf,20051,1,1,1,1,1.1408538818359375
PSO,1,4,5,inf,20051,1,1,1,1,1.1410622596740723
PSO,1,5,5,inf,20051,43,43,43,43,1.3402578830718994
PSO,1,1,5,inf,20051,-1,-1,-1,-1,1.171375036239624
PSO,1,2,5,inf,20051,-1,-1,-1,-1,1.1245882511138916
PSO,1,3,5,inf,20051,1,1,1,1,1.1279876232147217
PSO,1,4,5,inf,20051,1,1,1,1,1.2106492519378662
PSO,1,5,5,inf,20051,44,44,44,44,1.158515453338623
PSO,1,1,5,inf,20051,-1,-1,-1,-1,1.229358434677124
PSO,1,2,5,inf,20051,-1,-1,-1,-1,1.1949946880340576
PSO,1,3,5,inf,20051,1,1,1,1,1.1639835834503174
PSO,1,4,5,inf,20051,1,1,1,1,1.1507446765899658
PSO,1,5,5,inf,20051,12,12,12,12,1.1923236846923828
PSO,2,1,5,inf,20051,359,359,359,359,1.1504273414611816
PSO,2,2,5,inf,20051,835,835,835,835,1.2300994396209717
PSO,2,3,5,inf,20051,667,667,667,667,1.227503776550293
PSO,2,4,5,inf,20051,-1,-1,-1,-1,1.4410138130187988
PSO,2,5,5,inf,20051,459,459,459,459,1.2319869995117188
PSO,2,1,5,inf,20051,600,600,600,600,1.1580696105957031
PSO,2,2,5,inf,20051,503,503,503,503,1.2363977432250977
PSO,2,3,5,inf,20051,581,581,581,581,1.1377971172332764
PSO,2,4,5,inf,20051,-1,-1,-1,-1,1.316709280014038
PSO,2,5,5,inf,20051,507,507,507,507,1.160245418548584
PSO,2,1,5,inf,20051,567,567,567,567,1.438629150390625
PSO,2,2,5,inf,20051,840,840,840,840,1.2888824939727783
PSO,2,3,5,inf,20051,642,642,642,642,1.1811103820800781
PSO,2,4,5,inf,20051,-1,-1,-1,-1,1.1991217136383057
PSO,2,5,5,inf,20051,611,611,611,611,1.2191057205200195
PSO,3,1,5,inf,20051,1,1,1,1,1.1132075786590576
PSO,3,2,5,inf,20051,-1,-1,-1,-1,1.210982084274292
PSO,3,3,5,inf,20051,-1,-1,-1,-1,1.2641496658325195
PSO,3,4,5,inf,20051,883,883,883,883,1.4005961418151855
PSO,3,5,5,inf,20051,-1,-1,-1,-1,1.2227673530578613
PSO,3,1,5,inf,20051,1,1,1,1,1.2259130477905273
PSO,3,2,5,inf,20051,-1,-1,-1,-1,1.4100189208984375
PSO,3,3,5,inf,20051,-1,-1,-1,-1,1.215991497039795
PSO,3,4,5,inf,20051,-1,-1,-1,-1,1.2027101516723633
PSO,3,5,5,inf,20051,-1,-1,-1,-1,1.1877171993255615
PSO,3,1,5,inf,20051,1,1,1,1,1.159658432006836
PSO,3,2,5,inf,20051,-1,-1,-1,-1,1.2103602886199951
PSO,3,3,5,inf,20051,-1,-1,-1,-1,1.2132477760314941
PSO,3,4,5,inf,20051,1225,1409,1409,1409,1.1973602771759033
PSO,3,5,5,inf,20051,-1,-1,-1,-1,1.116415023803711
PSO,4,1,5,inf,20051,2,2,2,2,1.0929558277130127
PSO,4,2,5,inf,20051,-1,-1,-1,-1,1.1708288192749023
PSO,4,3,5,inf,20051,-1,-1,-1,-1,1.0956268310546875
PSO,4,4,5,inf,20051,8577,8577,8577,8577,1.1308937072753906
PSO,4,5,5,inf,20051,-1,-1,-1,-1,1.1931729316711426
PSO,4,1,5,inf,20051,1,1,1,1,1.1618359088897705
PSO,4,2,5,inf,20051,-1,-1,-1,-1,1.0706846714019775
PSO,4,3,5,inf,20051,-1,-1,-1,-1,1.0584266185760498
PSO,4,4,5,inf,20051,3054,3054,3054,3054,1.0552425384521484
PSO,4,5,5,inf,20051,-1,-1,-1,-1,1.1285533905029297
PSO,4,1,5,inf,20051,1,1,1,1,1.1014690399169922
PSO,4,2,5,inf,20051,-1,-1,-1,-1,1.134108543395996
PSO,4,3,5,inf,20051,-1,-1,-1,-1,1.074535608291626
PSO,4,4,5,inf,20051,-1,-1,-1,-1,1.0724258422851562
PSO,4,5,5,inf,20051,-1,-1,-1,-1,1.0802099704742432
PSO,5,1,5,inf,20051,959,959,959,959,1.1034150123596191
PSO,5,2,5,inf,20051,-1,-1,-1,-1,1.1327786445617676
PSO,5,3,5,inf,20051,-1,-1,-1,-1,1.1094090938568115
PSO,5,4,5,inf,20051,-1,-1,-1,-1,1.1651134490966797
PSO,5,5,5,inf,20051,20,20,20,20,1.2136499881744385
PSO,5,1,5,inf,20051,381,381,381,381,1.164937973022461
PSO,5,2,5,inf,20051,-1,-1,-1,-1,1.1380531787872314
PSO,5,3,5,inf,20051,-1,-1,-1,-1,1.129378080368042
PSO,5,4,5,inf,20051,-1,-1,-1,-1,1.1320409774780273
PSO,5,5,5,inf,20051,76,76,76,76,1.1579267978668213
PSO,5,1,5,inf,20051,445,445,445,445,1.1376583576202393
PSO,5,2,5,inf,20051,-1,-1,-1,-1,1.1295726299285889
PSO,5,3,5,inf,20051,-1,-1,-1,-1,1.1262919902801514
PSO,5,4,5,inf,20051,-1,-1,-1,-1,1.1172904968261719
PSO,5,5,5,inf,20051,84,84,84,84,1.1269667148590088
PSO,6,1,5,inf,20051,-1,-1,-1,-1,1.142620325088501
PSO,6,2,5,inf,20051,-1,-1,-1,-1,1.1517384052276611
PSO,6,3,5,inf,20051,81,81,81,81,1.1552629470825195
PSO,6,4,5,inf,20051,-1,-1,-1,-1,1.1357035636901855
PSO,6,5,5,inf,20051,-1,-1,-1,-1,1.201857566833496
PSO,6,1,5,inf,20051,-1,-1,-1,-1,1.173043966293335
PSO,6,2,5,inf,20051,-1,-1,-1,-1,1.1837573051452637
PSO,6,3,5,inf,20051,42,42,42,42,1.1641380786895752
PSO,6,4,5,inf,20051,-1,-1,-1,-1,1.1764135360717773
PSO,6,5,5,inf,20051,-1,-1,-1,-1,1.152338981628418
PSO,6,1,5,inf,20051,-1,-1,-1,-1,1.1872222423553467
PSO,6,2,5,inf,20051,-1,-1,-1,-1,1.2232756614685059
PSO,6,3,5,inf,20051,108,108,108,108,1.1516785621643066
PSO,6,4,5,inf,20051,-1,-1,-1,-1,1.1410255432128906
PSO,6,5,5,inf,20051,-1,-1,-1,-1,1.1525611877441406
PSO,7,1,5,inf,20051,-1,-1,-1,-1,1.1450800895690918
PSO,7,2,5,inf,20051,-1,-1,-1,-1,1.272491455078125
PSO,7,3,5,inf,20051,-1,-1,-1,-1,1.1666028499603271
PSO,7,4,5,inf,20051,-1,-1,-1,-1,1.074131965637207
PSO,7,5,5,inf,20051,-1,-1,-1,-1,1.0533084869384766
PSO,7,1,5,inf,20051,-1,-1,-1,-1,1.1487913131713867
PSO,7,2,5,inf,20051,-1,-1,-1,-1,1.1191420555114746
PSO,7,3,5,inf,20051,-1,-1,-1,-1,1.1692140102386475
PSO,7,4,5,inf,20051,-1,-1,-1,-1,1.131411075592041
PSO,7,5,5,inf,20051,-1,-1,-1,-1,1.1463871002197266
PSO,7,1,5,inf,20051,-1,-1,-1,-1,1.1572566032409668
PSO,7,2,5,inf,20051,-1,-1,-1,-1,1.2061445713043213
PSO,7,3,5,inf,20051,-1,-1,-1,-1,1.1384530067443848
PSO,7,4,5,inf,20051,-1,-1,-1,-1,1.1860032081604004
PSO,7,5,5,inf,20051,-1,-1,-1,-1,1.1495308876037598
PSO,8,1,5,inf,20051,-1,-1,-1,-1,1.180293321609497
PSO,8,2,5,inf,20051,70,70,70,70,1.1362435817718506
PSO,8,3,5,inf,20051,-1,-1,-1,-1,1.1869843006134033
PSO,8,4,5,inf,20051,336,336,336,336,1.1431548595428467
PSO,8,5,5,inf,20051,-1,-1,-1,-1,1.0918753147125244
PSO,8,1,5,inf,20051,-1,-1,-1,-1,1.081794023513794
PSO,8,2,5,inf,20051,7,7,7,7,1.132995367050171
PSO,8,3,5,inf,20051,-1,-1,-1,-1,1.136035680770874
PSO,8,4,5,inf,20051,375,375,375,375,1.1667242050170898
PSO,8,5,5,inf,20051,-1,-1,-1,-1,1.1357674598693848
PSO,8,1,5,inf,20051,-1,-1,-1,-1,1.2125248908996582
PSO,8,2,5,inf,20051,61,61,61,61,1.152554988861084
PSO,8,3,5,inf,20051,-1,-1,-1,-1,1.1928308010101318
PSO,8,4,5,inf,20051,274,274,274,274,1.1749143600463867
PSO,8,5,5,inf,20051,-1,-1,-1,-1,1.1656947135925293
PSO,9,1,5,inf,20051,-1,-1,-1,-1,1.1713593006134033
PSO,9,2,5,inf,20051,-1,-1,-1,-1,1.1654167175292969
PSO,9,3,5,inf,20051,-1,-1,-1,-1,1.1661655902862549
PSO,9,4,5,inf,20051,75,75,75,75,1.2371878623962402
PSO,9,5,5,inf,20051,-1,-1,-1,-1,1.238816499710083
PSO,9,1,5,inf,20051,-1,-1,-1,-1,1.163616418838501
PSO,9,2,5,inf,20051,-1,-1,-1,-1,1.1999752521514893
PSO,9,3,5,inf,20051,-1,-1,-1,-1,1.115882158279419
PSO,9,4,5,inf,20051,256,256,256,256,1.1272337436676025
PSO,9,5,5,inf,20051,-1,-1,-1,-1,1.1718504428863525
PSO,9,1,5,inf,20051,-1,-1,-1,-1,1.2352464199066162
PSO,9,2,5,inf,20051,-1,-1,-1,-1,1.1493923664093018
PSO,9,3,5,inf,20051,-1,-1,-1,-1,1.1582012176513672
PSO,9,4,5,inf,20051,147,147,147,147,1.140035629272461
PSO,9,5,5,inf,20051,-1,-1,-1,-1,1.168060064315796
PSO,10,1,5,inf,20051,4606,4606,4606,4606,1.1448583602905273
PSO,10,2,5,inf,20051,-1,-1,-1,-1,1.1883039474487305
PSO,10,3,5,inf,20051,879,879,879,879,1.3448989391326904
PSO,10,4,5,inf,20051,903,903,903,903,1.215592622756958
PSO,10,5,5,inf,20051,3401,3401,3401,3401,1.1722943782806396
PSO,10,1,5,inf,20051,7162,7162,7162,7162,1.2707407474517822
PSO,10,2,5,inf,20051,-1,-1,-1,-1,1.1624653339385986
PSO,10,3,5,inf,20051,1035,1035,1035,1035,1.1629962921142578
PSO,10,4,5,inf,20051,1740,1740,1740,1740,1.2029991149902344
PSO,10,5,5,inf,20051,1055,1055,1055,1055,1.09574294090271
PSO,10,1,5,inf,20051,11021,11071,11071,11071,1.1952009201049805
PSO,10,2,5,inf,20051,-1,-1,-1,-1,1.1657383441925049
PSO,10,3,5,inf,20051,374,374,374,374,1.165287971496582
PSO,10,4,5,inf,20051,783,783,783,783,1.0777671337127686
PSO,10,5,5,inf,20051,1097,1097,1097,1097,1.0944344997406006
PSO,11,1,5,inf,20051,-1,-1,-1,-1,1.1235630512237549
PSO,11,2,5,inf,20051,488,488,488,488,1.117579698562622
PSO,11,3,5,inf,20051,-1,-1,-1,-1,1.1080853939056396
PSO,11,4,5,inf,20051,-1,-1,-1,-1,1.0792055130004883
PSO,11,5,5,inf,20051,1076,1076,1076,1076,1.1048903465270996
PSO,11,1,5,inf,20051,-1,-1,-1,-1,1.113781452178955
PSO,11,2,5,inf,20051,11774,11774,11774,11774,1.0841782093048096
PSO,11,3,5,inf,20051,-1,-1,-1,-1,1.0975446701049805
PSO,11,4,5,inf,20051,-1,-1,-1,-1,1.252265214920044
PSO,11,5,5,inf,20051,619,619,619,619,1.1632819175720215
PSO,11,1,5,inf,20051,-1,-1,-1,-1,1.167410135269165
PSO,11,2,5,inf,20051,4073,4073,4073,4073,1.1875481605529785
PSO,11,3,5,inf,20051,-1,-1,-1,-1,1.1935193538665771
PSO,11,4,5,inf,20051,-1,-1,-1,-1,1.219804286956787
PSO,11,5,5,inf,20051,95,95,95,95,1.1237454414367676
PSO,12,1,5,inf,20051,1277,1277,1277,1277,1.0938119888305664
PSO,12,2,5,inf,20051,930,930,930,930,1.085078239440918
PSO,12,3,5,inf,20051,-1,-1,-1,-1,1.1646628379821777
PSO,12,4,5,inf,20051,1596,1596,1596,1596,1.165010929107666
PSO,12,5,5,inf,20051,-1,-1,-1,-1,1.1615710258483887
PSO,12,1,5,inf,20051,1222,1222,1222,1222,1.1461145877838135
PSO,12,2,5,inf,20051,1112,1112,1112,1112,1.1717407703399658
PSO,12,3,5,inf,20051,-1,-1,-1,-1,1.1721649169921875
PSO,12,4,5,inf,20051,879,879,879,879,1.224269151687622
PSO,12,5,5,inf,20051,-1,-1,-1,-1,1.224440097808838
PSO,12,1,5,inf,20051,1268,1268,1268,1268,1.1431570053100586
PSO,12,2,5,inf,20051,1103,1103,1103,1103,1.182868242263794
PSO,12,3,5,inf,20051,-1,-1,-1,-1,1.147261619567871
PSO,12,4,5,inf,20051,1356,1356,1356,1356,1.1556010246276855
PSO,12,5,5,inf,20051,-1,-1,-1,-1,1.163954257965088
PSO,13,1,5,inf,20051,-1,-1,-1,-1,1.2933664321899414
PSO,13,2,5,inf,20051,509,509,509,509,1.0642669200897217
PSO,13,3,5,inf,20051,176,176,176,176,1.1313536167144775
PSO,13,4,5,inf,20051,-1,-1,-1,-1,1.1953985691070557
PSO,13,5,5,inf,20051,-1,-1,-1,-1,1.1971113681793213
PSO,13,1,5,inf,20051,-1,-1,-1,-1,1.1296052932739258
PSO,13,2,5,inf,20051,466,466,466,466,1.1580071449279785
PSO,13,3,5,inf,20051,181,181,181,181,1.0954155921936035
PSO,13,4,5,inf,20051,-1,-1,-1,-1,1.0794026851654053
PSO,13,5,5,inf,20051,-1,-1,-1,-1,1.193882703781128
PSO,13,1,5,inf,20051,-1,-1,-1,-1,1.0948972702026367
PSO,13,2,5,inf,20051,441,441,441,441,1.1081876754760742
PSO,13,3,5,inf,20051,136,136,136,136,1.1445598602294922
PSO,13,4,5,inf,20051,-1,-1,-1,-1,1.2424468994140625
PSO,13,5,5,inf,20051,-1,-1,-1,-1,1.2632534503936768
PSO,14,1,5,inf,20051,5,5,5,5,1.2079391479492188
PSO,14,2,5,inf,20051,1,1,1,1,1.185739278793335
PSO,14,3,5,inf,20051,-1,-1,-1,-1,1.165175437927246
PSO,14,4,5,inf,20051,-1,-1,-1,-1,1.1498687267303467
PSO,14,5,5,inf,20051,2,2,2,2,1.0507736206054688
PSO,14,1,5,inf,20051,1,1,1,1,1.122739315032959
PSO,14,2,5,inf,20051,1,1,1,1,1.0655670166015625
PSO,14,3,5,inf,20051,-1,-1,-1,-1,1.0942957401275635
PSO,14,4,5,inf,20051,-1,-1,-1,-1,1.1224660873413086
PSO,14,5,5,inf,20051,4,4,4,4,1.1012556552886963
PSO,14,1,5,inf,20051,5,5,5,5,1.0840272903442383
PSO,14,2,5,inf,20051,1,1,1,1,1.1107892990112305
PSO,14,3,5,inf,20051,-1,-1,-1,-1,1.0377042293548584
PSO,14,4,5,inf,20051,-1,-1,-1,-1,1.0544376373291016
PSO,14,5,5,inf,20051,2,2,2,2,1.036742925643921
PSO,15,1,5,inf,20051,-1,-1,-1,-1,1.0858423709869385
PSO,15,2,5,inf,20051,-1,-1,-1,-1,1.085763692855835
PSO,15,3,5,inf,20051,106,106,106,106,1.2182798385620117
PSO,15,4,5,inf,20051,-1,-1,-1,-1,1.1021387577056885
PSO,15,5,5,inf,20051,29,29,29,29,1.0907516479492188
PSO,15,1,5,inf,20051,-1,-1,-1,-1,1.1279370784759521
PSO,15,2,5,inf,20051,-1,-1,-1,-1,1.1020050048828125
PSO,15,3,5,inf,20051,103,103,103,103,1.2412879467010498
PSO,15,4,5,inf,20051,-1,-1,-1,-1,1.2165863513946533
PSO,15,5,5,inf,20051,34,34,34,34,1.2324752807617188
PSO,15,1,5,inf,20051,-1,-1,-1,-1,1.2029600143432617
PSO,15,2,5,inf,20051,-1,-1,-1,-1,1.2881808280944824
PSO,15,3,5,inf,20051,127,127,127,127,1.1961495876312256
PSO,15,4,5,inf,20051,-1,-1,-1,-1,1.251391887664795
PSO,15,5,5,inf,20051,12,12,12,12,1.2109832763671875
PSO,16,1,5,inf,20051,-1,-1,-1,-1,1.2735464572906494
PSO,16,2,5,inf,20051,1,1,1,1,1.2480065822601318
PSO,16,3,5,inf,20051,-1,-1,-1,-1,1.1576287746429443
PSO,16,4,5,inf,20051,1,1,1,1,1.1823031902313232
PSO,16,5,5,inf,20051,2,2,2,2,1.0945498943328857
PSO,16,1,5,inf,20051,-1,-1,-1,-1,1.111351490020752
PSO,16,2,5,inf,20051,1,1,1,1,1.1300206184387207
PSO,16,3,5,inf,20051,-1,-1,-1,-1,1.1041696071624756
PSO,16,4,5,inf,20051,1,1,1,1,1.1228342056274414
PSO,16,5,5,inf,20051,2,2,2,2,1.133063793182373
PSO,16,1,5,inf,20051,-1,-1,-1,-1,1.1265318393707275
PSO,16,2,5,inf,20051,1,1,1,1,1.0916266441345215
PSO,16,3,5,inf,20051,-1,-1,-1,-1,1.1468875408172607
PSO,16,4,5,inf,20051,1,1,1,1,1.1275267601013184
PSO,16,5,5,inf,20051,1,1,1,1,1.1088111400604248
PSO,17,1,5,inf,20051,2,2,2,2,1.0805387496948242
PSO,17,2,5,inf,20051,-1,-1,-1,-1,1.087512493133545
PSO,17,3,5,inf,20051,-1,-1,-1,-1,1.1084558963775635
PSO,17,4,5,inf,20051,-1,-1,-1,-1,1.0900599956512451
PSO,17,5,5,inf,20051,1,1,1,1,1.0759704113006592
PSO,17,1,5,inf,20051,4,4,4,4,1.0845026969909668
PSO,17,2,5,inf,20051,-1,-1,-1,-1,1.0909786224365234
PSO,17,3,5,inf,20051,-1,-1,-1,-1,1.0884675979614258
PSO,17,4,5,inf,20051,-1,-1,-1,-1,1.0642695426940918
PSO,17,5,5,inf,20051,1,1,1,1,1.101332187652588
PSO,17,1,5,inf,20051,8,8,8,8,1.0705344676971436
PSO,17,2,5,inf,20051,-1,-1,-1,-1,1.203406572341919
PSO,17,3,5,inf,20051,-1,-1,-1,-1,1.0920281410217285
PSO,17,4,5,inf,20051,-1,-1,-1,-1,1.2196943759918213
PSO,17,5,5,inf,20051,1,1,1,1,1.290665626525879
PSO,18,1,5,inf,20051,125,125,125,125,1.2596004009246826
PSO,18,2,5,inf,20051,-1,-1,-1,-1,1.2422184944152832
PSO,18,3,5,inf,20051,-1,-1,-1,-1,1.2931272983551025
PSO,18,4,5,inf,20051,-1,-1,-1,-1,1.216519832611084
PSO,18,5,5,inf,20051,1,1,1,1,1.222205400466919
PSO,18,1,5,inf,20051,77,77,77,77,1.2441439628601074
PSO,18,2,5,inf,20051,-1,-1,-1,-1,1.2512669563293457
PSO,18,3,5,inf,20051,-1,-1,-1,-1,1.2349390983581543
PSO,18,4,5,inf,20051,-1,-1,-1,-1,1.2700080871582031
PSO,18,5,5,inf,20051,1,1,1,1,1.234874963760376
PSO,18,1,5,inf,20051,90,90,90,90,1.2764599323272705
PSO,18,2,5,inf,20051,-1,-1,-1,-1,1.1678621768951416
PSO,18,3,5,inf,20051,-1,-1,-1,-1,1.1516199111938477
PSO,18,4,5,inf,20051,-1,-1,-1,-1,1.1891999244689941
PSO,18,5,5,inf,20051,1,1,1,1,1.1735742092132568
PSO,19,1,5,inf,20051,1,1,1,1,1.127429485321045
PSO,19,2,5,inf,20051,-1,-1,-1,-1,1.1193773746490479
PSO,19,3,5,inf,20051,-1,-1,-1,-1,1.0824775695800781
PSO,19,4,5,inf,20051,4,4,4,4,1.0935468673706055
PSO,19,5,5,inf,20051,1,1,1,1,1.06117844581604
PSO,19,1,5,inf,20051,1,1,1,1,1.082801342010498
PSO,19,2,5,inf,20051,-1,-1,-1,-1,1.097102165222168
PSO,19,3,5,inf,20051,-1,-1,-1,-1,1.078732967376709
PSO,19,4,5,inf,20051,2,2,2,2,1.1137728691101074
PSO,19,5,5,inf,20051,1,1,1,1,1.0911896228790283
PSO,19,1,5,inf,20051,1,1,1,1,1.181321620941162
PSO,19,2,5,inf,20051,-1,-1,-1,-1,1.069608449935913
PSO,19,3,5,inf,20051,-1,-1,-1,-1,1.1261491775512695
PSO,19,4,5,inf,20051,1,1,1,1,1.0529332160949707
PSO,19,5,5,inf,20051,1,1,1,1,1.0433578491210938
PSO,20,1,5,inf,20051,95,95,95,95,1.123521089553833
PSO,20,2,5,inf,20051,-1,-1,-1,-1,1.1553876399993896
PSO,20,3,5,inf,20051,-1,-1,-1,-1,1.1401288509368896
PSO,20,4,5,inf,20051,38,38,38,38,1.1171329021453857
PSO,20,5,5,inf,20051,92,92,92,92,1.1163609027862549
PSO,20,1,5,inf,20051,84,84,84,84,1.227583408355713
PSO,20,2,5,inf,20051,-1,-1,-1,-1,1.083045482635498
PSO,20,3,5,inf,20051,-1,-1,-1,-1,1.0794291496276855
PSO,20,4,5,inf,20051,62,62,62,62,1.082794427871704
PSO,20,5,5,inf,20051,67,67,67,67,1.0925111770629883
PSO,20,1,5,inf,20051,61,61,61,61,1.1019973754882812
PSO,20,2,5,inf,20051,-1,-1,-1,-1,1.0954937934875488
PSO,20,3,5,inf,20051,-1,-1,-1,-1,1.1146986484527588
PSO,20,4,5,inf,20051,68,68,68,68,1.2795546054840088
PSO,20,5,5,inf,20051,111,111,111,111,1.213881015777588
PSO,21,1,5,inf,20051,-1,-1,-1,-1,1.2162253856658936
PSO,21,2,5,inf,20051,350,350,350,350,1.183643102645874
PSO,21,3,5,inf,20051,1,1,1,1,1.1619198322296143
PSO,21,4,5,inf,20051,2,2,2,2,1.3603055477142334
PSO,21,5,5,inf,20051,-1,-1,-1,-1,1.2249653339385986
PSO,21,1,5,inf,20051,-1,-1,-1,-1,1.1865711212158203
PSO,21,2,5,inf,20051,452,452,452,452,1.1904919147491455
PSO,21,3,5,inf,20051,1,1,1,1,1.2289695739746094
PSO,21,4,5,inf,20051,2,2,2,2,1.2074909210205078
PSO,21,5,5,inf,20051,-1,-1,-1,-1,1.196347951889038
PSO,21,1,5,inf,20051,-1,-1,-1,-1,1.2168993949890137
PSO,21,2,5,inf,20051,-1,-1,-1,-1,1.2193629741668701
PSO,21,3,5,inf,20051,1,1,1,1,1.1984984874725342
PSO,21,4,5,inf,20051,6,6,6,6,1.2576839923858643
PSO,21,5,5,inf,20051,-1,-1,-1,-1,1.154357671737671
PSO,22,1,5,inf,20051,1,1,1,1,1.1523125171661377
PSO,22,2,5,inf,20051,-1,-1,-1,-1,1.1783411502838135
PSO,22,3,5,inf,20051,14,14,14,14,1.1831443309783936
PSO,22,4,5,inf,20051,-1,-1,-1,-1,1.2350449562072754
PSO,22,5,5,inf,20051,-1,-1,-1,-1,1.1854755878448486
PSO,22,1,5,inf,20051,1,1,1,1,1.1554875373840332
PSO,22,2,5,inf,20051,-1,-1,-1,-1,1.1322319507598877
PSO,22,3,5,inf,20051,4,4,4,4,1.1975531578063965
PSO,22,4,5,inf,20051,-1,-1,-1,-1,1.21553373336792
PSO,22,5,5,inf,20051,-1,-1,-1,-1,1.2343060970306396
PSO,22,1,5,inf,20051,1,1,1,1,1.1428349018096924
PSO,22,2,5,inf,20051,-1,-1,-1,-1,1.1014213562011719
PSO,22,3,5,inf,20051,3,3,3,3,1.0546419620513916
PSO,22,4,5,inf,20051,-1,-1,-1,-1,1.2089488506317139
PSO,22,5,5,inf,20051,-1,-1,-1,-1,1.1608672142028809
PSO,23,1,5,inf,20051,-1,-1,-1,-1,1.1182005405426025
PSO,23,2,5,inf,20051,-1,-1,-1,-1,1.3171980381011963
PSO,23,3,5,inf,20051,1,1,1,1,1.181584119796753
PSO,23,4,5,inf,20051,1,1,1,1,1.1959595680236816
PSO,23,5,5,inf,20051,1,1,1,1,1.2049980163574219
PSO,23,1,5,inf,20051,-1,-1,-1,-1,1.2054007053375244
PSO,23,2,5,inf,20051,-1,-1,-1,-1,1.2375462055206299
PSO,23,3,5,inf,20051,1,1,1,1,1.271524429321289
PSO,23,4,5,inf,20051,1,1,1,1,1.4000508785247803
PSO,23,5,5,inf,20051,1,1,1,1,1.3714871406555176
PSO,23,1,5,inf,20051,-1,-1,-1,-1,1.3919706344604492
PSO,23,2,5,inf,20051,-1,-1,-1,-1,1.6825518608093262
PSO,23,3,5,inf,20051,1,1,1,1,1.5999867916107178
PSO,23,4,5,inf,20051,1,1,1,1,1.7243213653564453
PSO,23,5,5,inf,20051,1,1,1,1,1.4779915809631348
PSO,24,1,5,inf,20051,-1,-1,-1,-1,1.5284745693206787
PSO,24,2,5,inf,20051,-1,-1,-1,-1,1.3981170654296875
PSO,24,3,5,inf,20051,-1,-1,-1,-1,1.451341152191162
PSO,24,4,5,inf,20051,-1,-1,-1,-1,1.4250304698944092
PSO,24,5,5,inf,20051,3,3,3,3,1.4991066455841064
PSO,24,1,5,inf,20051,-1,-1,-1,-1,1.6127116680145264
PSO,24,2,5,inf,20051,-1,-1,-1,-1,1.302051067352295
PSO,24,3,5,inf,20051,-1,-1,-1,-1,1.1875085830688477
PSO,24,4,5,inf,20051,-1,-1,-1,-1,1.335218906402588
PSO,24,5,5,inf,20051,4,4,4,4,1.423083782196045
PSO,24,1,5,inf,20051,-1,-1,-1,-1,1.4877173900604248
PSO,24,2,5,inf,20051,-1,-1,-1,-1,1.2220349311828613
PSO,24,3,5,inf,20051,-1,-1,-1,-1,1.3677425384521484
PSO,24,4,5,inf,20051,-1,-1,-1,-1,1.3748500347137451
PSO,24,5,5,inf,20051,3,3,3,3,1.293675184249878
PSO,1,1,10,inf,40051,-1,-1,-1,-1,2.5990819931030273
PSO,1,2,10,inf,40051,-1,-1,-1,-1,2.3158931732177734
PSO,1,3,10,inf,40051,1,1,1,1,2.587502956390381
PSO,1,4,10,inf,40051,1,1,1,1,2.82012939453125
PSO,1,5,10,inf,40051,112,112,112,112,2.728257894515991
PSO,1,1,10,inf,40051,-1,-1,-1,-1,2.782268524169922
PSO,1,2,10,inf,40051,-1,-1,-1,-1,2.4726550579071045
PSO,1,3,10,inf,40051,1,1,1,1,2.599644660949707
PSO,1,4,10,inf,40051,1,1,1,1,2.2143309116363525
PSO,1,5,10,inf,40051,91,91,91,91,2.3891854286193848
PSO,1,1,10,inf,40051,-1,-1,-1,-1,2.2731785774230957
PSO,1,2,10,inf,40051,-1,-1,-1,-1,2.369687557220459
PSO,1,3,10,inf,40051,2,2,2,2,2.305361032485962
PSO,1,4,10,inf,40051,8,8,8,8,2.3685503005981445
PSO,1,5,10,inf,40051,78,78,78,78,2.4777164459228516
PSO,2,1,10,inf,40051,833,833,833,833,2.510470390319824
PSO,2,2,10,inf,40051,1365,1365,1365,1365,2.531937837600708
PSO,2,3,10,inf,40051,1328,1328,1328,1328,2.575763702392578
PSO,2,4,10,inf,40051,-1,-1,-1,-1,2.46980357170105
PSO,2,5,10,inf,40051,1381,1381,1381,1381,2.4662694931030273
PSO,2,1,10,inf,40051,1272,1272,1272,1272,2.524137020111084
PSO,2,2,10,inf,40051,1110,1110,1110,1110,2.402958631515503
PSO,2,3,10,inf,40051,1355,1355,1355,1355,2.44742488861084
PSO,2,4,10,inf,40051,-1,-1,-1,-1,2.396692991256714
PSO,2,5,10,inf,40051,1455,1455,1455,1455,2.339834451675415
PSO,2,1,10,inf,40051,1160,1160,1160,1160,2.4050981998443604
PSO,2,2,10,inf,40051,1076,1076,1076,1076,2.430898666381836
PSO,2,3,10,inf,40051,1362,1362,1362,1362,2.299774646759033
PSO,2,4,10,inf,40051,-1,-1,-1,-1,2.338325262069702
PSO,2,5,10,inf,40051,1015,1015,1015,1015,2.284973621368408
PSO,3,1,10,inf,40051,4,4,4,4,2.297687530517578
PSO,3,2,10,inf,40051,-1,-1,-1,-1,2.542365789413452
PSO,3,3,10,inf,40051,-1,-1,-1,-1,2.5159919261932373
PSO,3,4,10,inf,40051,-1,-1,-1,-1,2.46988844871521
PSO,3,5,10,inf,40051,-1,-1,-1,-1,2.553892135620117
PSO,3,1,10,inf,40051,4,4,4,4,2.292717218399048
PSO,3,2,10,inf,40051,-1,-1,-1,-1,2.457685708999634
PSO,3,3,10,inf,40051,-1,-1,-1,-1,2.41272234916687
PSO,3,4,10,inf,40051,-1,-1,-1,-1,2.44817852973938
PSO,3,5,10,inf,40051,-1,-1,-1,-1,2.428365468978882
PSO,3,1,10,inf,40051,4,4,4,4,2.508042335510254
PSO,3,2,10,inf,40051,-1,-1,-1,-1,2.4853577613830566
PSO,3,3,10,inf,40051,-1,-1,-1,-1,2.4056010246276855
PSO,3,4,10,inf,40051,-1,-1,-1,-1,2.4376585483551025
PSO,3,5,10,inf,40051,-1,-1,-1,-1,2.1709706783294678
PSO,4,1,10,inf,40051,10,10,10,10,2.5559542179107666
PSO,4,2,10,inf,40051,-1,-1,-1,-1,2.622617244720459
PSO,4,3,10,inf,40051,-1,-1,-1,-1,2.8943326473236084
PSO,4,4,10,inf,40051,-1,-1,-1,-1,2.6963748931884766
PSO,4,5,10,inf,40051,-1,-1,-1,-1,2.530714273452759
PSO,4,1,10,inf,40051,9,9,9,9,2.8693132400512695
PSO,4,2,10,inf,40051,-1,-1,-1,-1,2.540919780731201
PSO,4,3,10,inf,40051,-1,-1,-1,-1,2.442085027694702
PSO,4,4,10,inf,40051,-1,-1,-1,-1,2.427072525024414
PSO,4,5,10,inf,40051,-1,-1,-1,-1,2.2834126949310303
PSO,4,1,10,inf,40051,2,2,2,2,2.183237314224243
PSO,4,2,10,inf,40051,-1,-1,-1,-1,2.2533774375915527
PSO,4,3,10,inf,40051,-1,-1,-1,-1,2.8379483222961426
PSO,4,4,10,inf,40051,-1,-1,-1,-1,2.5924954414367676
PSO,4,5,10,inf,40051,-1,-1,-1,-1,2.825652599334717
PSO,5,1,10,inf,40051,3909,3909,3909,3909,2.578752279281616
PSO,5,2,10,inf,40051,-1,-1,-1,-1,2.4863994121551514
PSO,5,3,10,inf,40051,-1,-1,-1,-1,2.5549368858337402
PSO,5,4,10,inf,40051,-1,-1,-1,-1,2.510967254638672
PSO,5,5,10,inf,40051,656,656,656,656,2.4998040199279785
PSO,5,1,10,inf,40051,4124,5173,5173,5173,2.5271787643432617
PSO,5,2,10,inf,40051,-1,-1,-1,-1,2.5245254039764404
PSO,5,3,10,inf,40051,-1,-1,-1,-1,2.2177326679229736
PSO,5,4,10,inf,40051,-1,-1,-1,-1,2.3569350242614746
PSO,5,5,10,inf,40051,605,605,605,605,2.443147659301758
PSO,5,1,10,inf,40051,2965,3065,3065,3065,2.4466617107391357
PSO,5,2,10,inf,40051,-1,-1,-1,-1,2.411996603012085
PSO,5,3,10,inf,40051,-1,-1,-1,-1,2.24995756149292
PSO,5,4,10,inf,40051,-1,-1,-1,-1,2.6005632877349854
PSO,5,5,10,inf,40051,495,495,495,495,2.2810394763946533
PSO,6,1,10,inf,40051,-1,-1,-1,-1,2.5271732807159424
PSO,6,2,10,inf,40051,-1,-1,-1,-1,2.4135630130767822
PSO,6,3,10,inf,40051,243,243,243,243,2.476518392562866
PSO,6,4,10,inf,40051,-1,-1,-1,-1,2.216787099838257
PSO,6,5,10,inf,40051,-1,-1,-1,-1,2.304280996322632
PSO,6,1,10,inf,40051,-1,-1,-1,-1,2.225231409072876
PSO,6,2,10,inf,40051,-1,-1,-1,-1,2.180976152420044
PSO,6,3,10,inf,40051,616,616,616,616,2.2422471046447754
PSO,6,4,10,inf,40051,-1,-1,-1,-1,2.3481061458587646
PSO,6,5,10,inf,40051,-1,-1,-1,-1,2.3461618423461914
PSO,6,1,10,inf,40051,-1,-1,-1,-1,2.2985053062438965
PSO,6,2,10,inf,40051,-1,-1,-1,-1,2.262740135192871
PSO,6,3,10,inf,40051,462,462,462,462,2.4190516471862793
PSO,6,4,10,inf,40051,-1,-1,-1,-1,2.2841670513153076
PSO,6,5,10,inf,40051,-1,-1,-1,-1,2.2853405475616455
PSO,7,1,10,inf,40051,-1,-1,-1,-1,2.309528112411499
PSO,7,2,10,inf,40051,-1,-1,-1,-1,2.2980282306671143
PSO,7,3,10,inf,40051,-1,-1,-1,-1,2.3249547481536865
PSO,7,4,10,inf,40051,-1,-1,-1,-1,2.417691707611084
PSO,7,5,10,inf,40051,-1,-1,-1,-1,2.3108253479003906
PSO,7,1,10,inf,40051,-1,-1,-1,-1,2.2931227684020996
PSO,7,2,10,inf,40051,-1,-1,-1,-1,2.347935676574707
PSO,7,3,10,inf,40051,-1,-1,-1,-1,2.340654134750366
PSO,7,4,10,inf,40051,-1,-1,-1,-1,2.244621992111206
PSO,7,5,10,inf,40051,-1,-1,-1,-1,2.261965274810791
PSO,7,1,10,inf,40051,-1,-1,-1,-1,2.316899061203003
PSO,7,2,10,inf,40051,-1,-1,-1,-1,2.3461058139801025
PSO,7,3,10,inf,40051,-1,-1,-1,-1,2.290910243988037
PSO,7,4,10,inf,40051,-1,-1,-1,-1,2.287513017654419
PSO,7,5,10,inf,40051,-1,-1,-1,-1,2.2913620471954346
PSO,8,1,10,inf,40051,-1,-1,-1,-1,2.359715461730957
PSO,8,2,10,inf,40051,505,505,505,505,2.4135892391204834
PSO,8,3,10,inf,40051,-1,-1,-1,-1,2.363335132598877
PSO,8,4,10,inf,40051,1381,1381,1381,1381,2.381927251815796
PSO,8,5,10,inf,40051,-1,-1,-1,-1,2.368744373321533
PSO,8,1,10,inf,40051,-1,-1,-1,-1,2.3265607357025146
PSO,8,2,10,inf,40051,679,679,679,679,2.29018497467041
PSO,8,3,10,inf,40051,-1,-1,-1,-1,2.244694471359253
PSO,8,4,10,inf,40051,1901,1901,1901,1901,2.197974681854248
PSO,8,5,10,inf,40051,-1,-1,-1,-1,2.18707013130188
PSO,8,1,10,inf,40051,-1,-1,-1,-1,2.381415605545044
PSO,8,2,10,inf,40051,460,460,460,460,2.336671829223633
PSO,8,3,10,inf,40051,-1,-1,-1,-1,2.3943045139312744
PSO,8,4,10,inf,40051,1461,1461,1461,1461,2.481078863143921
PSO,8,5,10,inf,40051,-1,-1,-1,-1,2.4365651607513428
PSO,9,1,10,inf,40051,-1,-1,-1,-1,2.460094928741455
PSO,9,2,10,inf,40051,-1,-1,-1,-1,2.50085711479187
PSO,9,3,10,inf,40051,-1,-1,-1,-1,2.3469996452331543
PSO,9,4,10,inf,40051,1596,1596,1596,1596,2.4241747856140137
PSO,9,5,10,inf,40051,-1,-1,-1,-1,2.667125701904297
PSO,9,1,10,inf,40051,-1,-1,-1,-1,2.3465354442596436
PSO,9,2,10,inf,40051,-1,-1,-1,-1,2.2702081203460693
PSO,9,3,10,inf,40051,-1,-1,-1,-1,2.3494980335235596
PSO,9,4,10,inf,40051,1176,1176,1176,1176,2.4226906299591064
PSO,9,5,10,inf,40051,-1,-1,-1,-1,2.468486785888672
PSO,9,1,10,inf,40051,-1,-1,-1,-1,2.4472107887268066
PSO,9,2,10,inf,40051,-1,-1,-1,-1,2.370877981185913
PSO,9,3,10,inf,40051,-1,-1,-1,-1,2.3312432765960693
PSO,9,4,10,inf,40051,2690,2690,2690,2690,2.4227147102355957
PSO,9,5,10,inf,40051,-1,-1,-1,-1,2.4926021099090576
PSO,10,1,10,inf,40051,-1,-1,-1,-1,2.3184409141540527
PSO,10,2,10,inf,40051,-1,-1,-1,-1,2.321885108947754
PSO,10,3,10,inf,40051,20540,20540,20540,20540,2.235459327697754
PSO,10,4,10,inf,40051,-1,-1,-1,-1,2.2721564769744873
PSO,10,5,10,inf,40051,5353,5353,5353,5353,2.2832679748535156
PSO,10,1,10,inf,40051,-1,-1,-1,-1,2.4058008193969727
PSO,10,2,10,inf,40051,-1,-1,-1,-1,2.3422510623931885
PSO,10,3,10,inf,40051,33997,33997,33997,33997,2.2529098987579346
PSO,10,4,10,inf,40051,-1,-1,-1,-1,2.242741346359253
PSO,10,5,10,inf,40051,14264,14264,14264,14264,2.340013265609741
PSO,10,1,10,inf,40051,-1,-1,-1,-1,2.276129722595215
PSO,10,2,10,inf,40051,-1,-1,-1,-1,2.4918766021728516
PSO,10,3,10,inf,40051,24587,24587,24587,24587,2.336965799331665
PSO,10,4,10,inf,40051,32573,32573,32573,32573,2.4252333641052246
PSO,10,5,10,inf,40051,-1,-1,-1,-1,2.403679370880127
PSO,11,1,10,inf,40051,-1,-1,-1,-1,2.338697910308838
PSO,11,2,10,inf,40051,13953,13953,13953,13953,2.344698667526245
PSO,11,3,10,inf,40051,-1,-1,-1,-1,2.248234748840332
PSO,11,4,10,inf,40051,-1,-1,-1,-1,2.2474398612976074
PSO,11,5,10,inf,40051,691,691,691,691,2.217066764831543
PSO,11,1,10,inf,40051,-1,-1,-1,-1,2.285757541656494
PSO,11,2,10,inf,40051,7287,7287,7287,7287,2.227508306503296
PSO,11,3,10,inf,40051,-1,-1,-1,-1,2.263718366622925
PSO,11,4,10,inf,40051,-1,-1,-1,-1,2.3170621395111084
PSO,11,5,10,inf,40051,4619,4619,4619,4619,2.462620496749878
PSO,11,1,10,inf,40051,-1,-1,-1,-1,2.351020097732544
PSO,11,2,10,inf,40051,11629,11629,11629,11629,2.2199387550354004
PSO,11,3,10,inf,40051,-1,-1,-1,-1,2.300175666809082
PSO,11,4,10,inf,40051,-1,-1,-1,-1,2.4064998626708984
PSO,11,5,10,inf,40051,3073,3073,3073,3073,2.3828136920928955
PSO,12,1,10,inf,40051,1997,1997,1997,1997,2.444479465484619
PSO,12,2,10,inf,40051,2261,2261,2261,2261,2.3355376720428467
PSO,12,3,10,inf,40051,-1,-1,-1,-1,2.4383187294006348
PSO,12,4,10,inf,40051,3930,3930,3930,3930,2.4573843479156494
PSO,12,5,10,inf,40051,-1,-1,-1,-1,2.4787817001342773
PSO,12,1,10,inf,40051,2621,2621,2621,2621,2.3986880779266357
PSO,12,2,10,inf,40051,2861,2861,2861,2861,2.522467613220215
PSO,12,3,10,inf,40051,-1,-1,-1,-1,2.414194345474243
PSO,12,4,10,inf,40051,2745,2745,2745,2745,2.48833966255188
PSO,12,5,10,inf,40051,-1,-1,-1,-1,2.208252429962158
PSO,12,1,10,inf,40051,2563,2563,2563,2563,2.2293941974639893
PSO,12,2,10,inf,40051,2742,2742,2742,2742,2.234985589981079
PSO,12,3,10,inf,40051,-1,-1,-1,-1,2.2124691009521484
PSO,12,4,10,inf,40051,2870,2870,2870,2870,2.165529727935791
PSO,12,5,10,inf,40051,-1,-1,-1,-1,2.3181140422821045
PSO,13,1,10,inf,40051,-1,-1,-1,-1,2.3081395626068115
PSO,13,2,10,inf,40051,1770,1770,1770,1770,2.2007572650909424
PSO,13,3,10,inf,40051,1123,1123,1123,1123,2.321457624435425
PSO,13,4,10,inf,40051,-1,-1,-1,-1,2.415395975112915
PSO,13,5,10,inf,40051,-1,-1,-1,-1,2.333949565887451
PSO,13,1,10,inf,40051,-1,-1,-1,-1,2.27490234375
PSO,13,2,10,inf,40051,1517,1517,1517,1517,2.173835515975952
PSO,13,3,10,inf,40051,602,602,602,602,2.178874969482422
PSO,13,4,10,inf,40051,-1,-1,-1,-1,2.288661003112793
PSO,13,5,10,inf,40051,-1,-1,-1,-1,2.221709728240967
PSO,13,1,10,inf,40051,-1,-1,-1,-1,2.200727939605713
PSO,13,2,10,inf,40051,1937,1937,1937,1937,2.251538038253784
PSO,13,3,10,inf,40051,447,447,447,447,2.2814507484436035
PSO,13,4,10,inf,40051,-1,-1,-1,-1,2.215789318084717
PSO,13,5,10,inf,40051,-1,-1,-1,-1,2.24745512008667
PSO,14,1,10,inf,40051,9,9,9,9,2.158522605895996
PSO,14,2,10,inf,40051,1,1,1,1,2.172893762588501
PSO,14,3,10,inf,40051,-1,-1,-1,-1,2.1976263523101807
PSO,14,4,10,inf,40051,-1,-1,-1,-1,2.363967180252075
PSO,14,5,10,inf,40051,10,10,10,10,2.423408269882202
PSO,14,1,10,inf,40051,1,1,1,1,2.3926758766174316
PSO,14,2,10,inf,40051,2,2,2,2,2.308795690536499
PSO,14,3,10,inf,40051,-1,-1,-1,-1,2.3957455158233643
PSO,14,4,10,inf,40051,-1,-1,-1,-1,2.3026249408721924
PSO,14,5,10,inf,40051,7,7,7,7,2.263119697570801
PSO,14,1,10,inf,40051,2,2,2,2,2.277313232421875
PSO,14,2,10,inf,40051,1,1,1,1,2.232344150543213
PSO,14,3,10,inf,40051,-1,-1,-1,-1,2.261003017425537
PSO,14,4,10,inf,40051,-1,-1,-1,-1,2.2833101749420166
PSO,14,5,10,inf,40051,4,4,4,4,2.2262659072875977
PSO,15,1,10,inf,40051,-1,-1,-1,-1,2.587076187133789
PSO,15,2,10,inf,40051,-1,-1,-1,-1,2.5414047241210938
PSO,15,3,10,inf,40051,1177,1177,1177,1177,2.545410633087158
PSO,15,4,10,inf,40051,-1,-1,-1,-1,2.492828845977783
PSO,15,5,10,inf,40051,1024,1024,1024,1024,2.624208688735962
PSO,15,1,10,inf,40051,-1,-1,-1,-1,2.526146650314331
PSO,15,2,10,inf,40051,-1,-1,-1,-1,2.6447067260742188
PSO,15,3,10,inf,40051,1241,1241,1241,1241,2.747063398361206
PSO,15,4,10,inf,40051,-1,-1,-1,-1,2.405677556991577
PSO,15,5,10,inf,40051,488,488,488,488,2.682084560394287
PSO,15,1,10,inf,40051,-1,-1,-1,-1,2.4948086738586426
PSO,15,2,10,inf,40051,-1,-1,-1,-1,2.469700574874878
PSO,15,3,10,inf,40051,4175,4212,4212,4212,2.4071121215820312
PSO,15,4,10,inf,40051,-1,-1,-1,-1,2.5401623249053955
PSO,15,5,10,inf,40051,1004,1004,1004,1004,2.6630496978759766
PSO,16,1,10,inf,40051,-1,-1,-1,-1,2.454224109649658
PSO,16,2,10,inf,40051,1,1,1,1,2.3079581260681152
PSO,16,3,10,inf,40051,-1,-1,-1,-1,2.321476459503174
PSO,16,4,10,inf,40051,1,1,1,1,2.4308173656463623
PSO,16,5,10,inf,40051,9,9,9,9,2.3542520999908447
PSO,16,1,10,inf,40051,-1,-1,-1,-1,2.715768814086914
PSO,16,2,10,inf,40051,1,1,1,1,2.469693422317505
PSO,16,3,10,inf,40051,-1,-1,-1,-1,2.3055315017700195
PSO,16,4,10,inf,40051,1,1,1,1,2.415757179260254
PSO,16,5,10,inf,40051,1,1,1,1,2.626432418823242
PSO,16,1,10,inf,40051,-1,-1,-1,-1,2.6107492446899414
PSO,16,2,10,inf,40051,1,1,1,1,2.714867115020752
PSO,16,3,10,inf,40051,-1,-1,-1,-1,2.7117016315460205
PSO,16,4,10,inf,40051,1,1,1,1,2.6666202545166016
PSO,16,5,10,inf,40051,12,12,12,12,2.623980760574341
PSO,17,1,10,inf,40051,15,15,15,15,2.380880832672119
PSO,17,2,10,inf,40051,-1,-1,-1,-1,2.3614230155944824
PSO,17,3,10,inf,40051,-1,-1,-1,-1,2.3568248748779297
PSO,17,4,10,inf,40051,-1,-1,-1,-1,2.3667333126068115
PSO,17,5,10,inf,40051,1,1,1,1,2.4964957237243652
PSO,17,1,10,inf,40051,46,46,46,46,2.4162635803222656
PSO,17,2,10,inf,40051,-1,-1,-1,-1,2.3791685104370117
PSO,17,3,10,inf,40051,-1,-1,-1,-1,2.3801095485687256
PSO,17,4,10,inf,40051,-1,-1,-1,-1,2.366762161254883
PSO,17,5,10,inf,40051,1,1,1,1,2.2118260860443115
PSO,17,1,10,inf,40051,97,97,97,97,2.322524309158325
PSO,17,2,10,inf,40051,-1,-1,-1,-1,2.362793207168579
PSO,17,3,10,inf,40051,-1,-1,-1,-1,2.5079405307769775
PSO,17,4,10,inf,40051,-1,-1,-1,-1,2.420336961746216
PSO,17,5,10,inf,40051,1,1,1,1,2.5113542079925537
PSO,18,1,10,inf,40051,280,280,280,280,2.3491299152374268
PSO,18,2,10,inf,40051,-1,-1,-1,-1,2.4529781341552734
PSO,18,3,10,inf,40051,-1,-1,-1,-1,2.4005391597747803
PSO,18,4,10,inf,40051,-1,-1,-1,-1,2.3286991119384766
PSO,18,5,10,inf,40051,1,1,1,1,2.3452513217926025
PSO,18,1,10,inf,40051,157,157,157,157,2.3104286193847656
PSO,18,2,10,inf,40051,-1,-1,-1,-1,2.4217560291290283
PSO,18,3,10,inf,40051,-1,-1,-1,-1,2.341797351837158
PSO,18,4,10,inf,40051,-1,-1,-1,-1,2.4667985439300537
PSO,18,5,10,inf,40051,1,1,1,1,2.4370298385620117
PSO,18,1,10,inf,40051,107,107,107,107,2.4143741130828857
PSO,18,2,10,inf,40051,-1,-1,-1,-1,2.389045000076294
PSO,18,3,10,inf,40051,-1,-1,-1,-1,2.4434003829956055
PSO,18,4,10,inf,40051,-1,-1,-1,-1,2.4437296390533447
PSO,18,5,10,inf,40051,1,1,1,1,2.4398117065429688
PSO,19,1,10,inf,40051,1,1,1,1,2.232872247695923
PSO,19,2,10,inf,40051,-1,-1,-1,-1,2.319815158843994
PSO,19,3,10,inf,40051,-1,-1,-1,-1,2.3977458477020264
PSO,19,4,10,inf,40051,4,4,4,4,2.3186347484588623
PSO,19,5,10,inf,40051,1,1,1,1,2.298840284347534
PSO,19,1,10,inf,40051,2,2,2,2,2.299123525619507
PSO,19,2,10,inf,40051,-1,-1,-1,-1,2.270294666290283
PSO,19,3,10,inf,40051,-1,-1,-1,-1,2.228609323501587
PSO,19,4,10,inf,40051,4,4,4,4,2.2912051677703857
PSO,19,5,10,inf,40051,1,1,1,1,2.293292760848999
PSO,19,1,10,inf,40051,1,1,1,1,2.323498487472534
PSO,19,2,10,inf,40051,-1,-1,-1,-1,2.2751846313476562
PSO,19,3,10,inf,40051,-1,-1,-1,-1,2.3163843154907227
PSO,19,4,10,inf,40051,1,1,1,1,2.2561585903167725
PSO,19,5,10,inf,40051,1,1,1,1,2.2974541187286377
PSO,20,1,10,inf,40051,416,416,416,416,2.3842408657073975
PSO,20,2,10,inf,40051,-1,-1,-1,-1,2.4254074096679688
PSO,20,3,10,inf,40051,-1,-1,-1,-1,2.595909357070923
PSO,20,4,10,inf,40051,514,514,514,514,2.5378048419952393
PSO,20,5,10,inf,40051,548,548,548,548,2.4117181301116943
PSO,20,1,10,inf,40051,69,69,69,69,2.5146076679229736
PSO,20,2,10,inf,40051,-1,-1,-1,-1,2.5601963996887207
PSO,20,3,10,inf,40051,-1,-1,-1,-1,2.4130406379699707
PSO,20,4,10,inf,40051,607,607,607,607,2.327659845352173
PSO,20,5,10,inf,40051,457,457,457,457,2.4364728927612305
PSO,20,1,10,inf,40051,218,218,218,218,2.275019884109497
PSO,20,2,10,inf,40051,-1,-1,-1,-1,2.2411320209503174
PSO,20,3,10,inf,40051,-1,-1,-1,-1,2.406493902206421
PSO,20,4,10,inf,40051,343,343,343,343,2.3254804611206055
PSO,20,5,10,inf,40051,470,470,470,470,2.353353500366211
PSO,21,1,10,inf,40051,-1,-1,-1,-1,2.242692470550537
PSO,21,2,10,inf,40051,-1,-1,-1,-1,2.396580457687378
PSO,21,3,10,inf,40051,1,1,1,1,2.3083722591400146
PSO,21,4,10,inf,40051,329,329,329,329,2.4399619102478027
PSO,21,5,10,inf,40051,-1,-1,-1,-1,2.3359580039978027
PSO,21,1,10,inf,40051,-1,-1,-1,-1,2.467966079711914
PSO,21,2,10,inf,40051,-1,-1,-1,-1,2.4347951412200928
PSO,21,3,10,inf,40051,1,1,1,1,2.5308828353881836
PSO,21,4,10,inf,40051,179,179,179,179,2.4997735023498535
PSO,21,5,10,inf,40051,-1,-1,-1,-1,2.427023410797119
PSO,21,1,10,inf,40051,-1,-1,-1,-1,2.48917293548584
PSO,21,2,10,inf,40051,-1,-1,-1,-1,2.4708340167999268
PSO,21,3,10,inf,40051,1,1,1,1,2.4970169067382812
PSO,21,4,10,inf,40051,158,158,158,158,2.518903970718384
PSO,21,5,10,inf,40051,-1,-1,-1,-1,2.45758318901062
PSO,22,1,10,inf,40051,1,1,1,1,2.368746280670166
PSO,22,2,10,inf,40051,-1,-1,-1,-1,2.383997917175293
PSO,22,3,10,inf,40051,161,161,161,161,2.3699519634246826
PSO,22,4,10,inf,40051,-1,-1,-1,-1,2.257816791534424
PSO,22,5,10,inf,40051,-1,-1,-1,-1,2.318789482116699
PSO,22,1,10,inf,40051,1,1,1,1,2.2848634719848633
PSO,22,2,10,inf,40051,-1,-1,-1,-1,2.4662184715270996
PSO,22,3,10,inf,40051,212,212,212,212,2.3957695960998535
PSO,22,4,10,inf,40051,-1,-1,-1,-1,2.5586605072021484
PSO,22,5,10,inf,40051,-1,-1,-1,-1,2.4061741828918457
PSO,22,1,10,inf,40051,1,1,1,1,2.430971622467041
PSO,22,2,10,inf,40051,-1,-1,-1,-1,2.330550193786621
PSO,22,3,10,inf,40051,63,63,63,63,2.4487414360046387
PSO,22,4,10,inf,40051,-1,-1,-1,-1,2.396768093109131
PSO,22,5,10,inf,40051,-1,-1,-1,-1,2.3452908992767334
PSO,23,1,10,inf,40051,-1,-1,-1,-1,2.607839345932007
PSO,23,2,10,inf,40051,-1,-1,-1,-1,2.543483257293701
PSO,23,3,10,inf,40051,1,1,1,1,2.717545509338379
PSO,23,4,10,inf,40051,1,1,1,1,2.5698392391204834
PSO,23,5,10,inf,40051,1,1,1,1,2.681450366973877
PSO,23,1,10,inf,40051,-1,-1,-1,-1,2.48044753074646
PSO,23,2,10,inf,40051,-1,-1,-1,-1,2.539954900741577
PSO,23,3,10,inf,40051,1,1,1,1,2.5102384090423584
PSO,23,4,10,inf,40051,1,1,1,1,2.662431001663208
PSO,23,5,10,inf,40051,1,1,1,1,2.586413621902466
PSO,23,1,10,inf,40051,-1,-1,-1,-1,2.511165142059326
PSO,23,2,10,inf,40051,-1,-1,-1,-1,2.496675491333008
PSO,23,3,10,inf,40051,1,1,1,1,2.6525604724884033
PSO,23,4,10,inf,40051,1,1,1,1,2.5754902362823486
PSO,23,5,10,inf,40051,1,1,1,1,2.560239315032959
PSO,24,1,10,inf,40051,-1,-1,-1,-1,2.4918835163116455
PSO,24,2,10,inf,40051,-1,-1,-1,-1,2.335554599761963
PSO,24,3,10,inf,40051,-1,-1,-1,-1,2.4702796936035156
PSO,24,4,10,inf,40051,-1,-1,-1,-1,2.3993325233459473
PSO,24,5,10,inf,40051,98,98,98,98,2.4390549659729004
PSO,24,1,10,inf,40051,-1,-1,-1,-1,2.4331133365631104
PSO,24,2,10,inf,40051,-1,-1,-1,-1,2.4906678199768066
PSO,24,3,10,inf,40051,-1,-1,-1,-1,2.2424542903900146
PSO,24,4,10,inf,40051,-1,-1,-1,-1,2.319570779800415
PSO,24,5,10,inf,40051,216,216,216,216,2.3689706325531006
PSO,24,1,10,inf,40051,-1,-1,-1,-1,2.3236501216888428
PSO,24,2,10,inf,40051,-1,-1,-1,-1,2.342024087905884
PSO,24,3,10,inf,40051,-1,-1,-1,-1,2.29710054397583
PSO,24,4,10,inf,40051,-1,-1,-1,-1,2.1917524337768555
PSO,24,5,10,inf,40051,62,62,62,62,2.334303379058838
PSO,1,1,20,inf,80051,-1,-1,-1,-1,4.617062568664551
PSO,1,2,20,inf,80051,-1,-1,-1,-1,4.438071012496948
PSO,1,3,20,inf,80051,1,1,1,1,4.415123701095581
PSO,1,4,20,inf,80051,35,35,35,35,4.571465492248535
PSO,1,5,20,inf,80051,536,536,536,536,4.72524881362915
PSO,1,1,20,inf,80051,-1,-1,-1,-1,4.659933567047119
PSO,1,2,20,inf,80051,-1,-1,-1,-1,4.651709318161011
PSO,1,3,20,inf,80051,1,1,1,1,4.815434217453003
PSO,1,4,20,inf,80051,24,24,24,24,4.8115739822387695
PSO,1,5,20,inf,80051,762,762,762,762,4.587155342102051
PSO,1,1,20,inf,80051,-1,-1,-1,-1,4.709731101989746
PSO,1,2,20,inf,80051,-1,-1,-1,-1,4.608279466629028
PSO,1,3,20,inf,80051,2,2,2,2,4.594304800033569
PSO,1,4,20,inf,80051,32,32,32,32,4.865978240966797
PSO,1,5,20,inf,80051,1112,1121,1121,1121,4.777638912200928
PSO,2,1,20,inf,80051,3421,3421,3421,3421,5.046172857284546
PSO,2,2,20,inf,80051,3891,3891,3891,3891,5.049073934555054
PSO,2,3,20,inf,80051,3843,3843,3843,3843,5.066757917404175
PSO,2,4,20,inf,80051,-1,-1,-1,-1,5.126633882522583
PSO,2,5,20,inf,80051,4386,4386,4386,4386,4.7543580532073975
PSO,2,1,20,inf,80051,3552,3552,3552,3552,4.6329615116119385
PSO,2,2,20,inf,80051,3312,3312,3312,3312,4.661693096160889
PSO,2,3,20,inf,80051,3962,3962,3962,3962,4.687856674194336
PSO,2,4,20,inf,80051,-1,-1,-1,-1,4.617761611938477
PSO,2,5,20,inf,80051,3274,3274,3274,3274,4.718142986297607
PSO,2,1,20,inf,80051,3037,3037,3037,3037,4.823190689086914
PSO,2,2,20,inf,80051,4170,4170,4170,4170,4.811262607574463
PSO,2,3,20,inf,80051,3320,3320,3320,3320,4.691293239593506
PSO,2,4,20,inf,80051,-1,-1,-1,-1,4.550298452377319
PSO,2,5,20,inf,80051,3311,3311,3311,3311,4.625209093093872
PSO,3,1,20,inf,80051,328,328,328,328,4.7900800704956055
PSO,3,2,20,inf,80051,-1,-1,-1,-1,4.777986764907837
PSO,3,3,20,inf,80051,-1,-1,-1,-1,4.72623348236084
PSO,3,4,20,inf,80051,-1,-1,-1,-1,4.890291452407837
PSO,3,5,20,inf,80051,-1,-1,-1,-1,4.904191970825195
PSO,3,1,20,inf,80051,203,203,203,203,4.6868367195129395
PSO,3,2,20,inf,80051,-1,-1,-1,-1,4.667944669723511
PSO,3,3,20,inf,80051,-1,-1,-1,-1,4.756406307220459
PSO,3,4,20,inf,80051,-1,-1,-1,-1,4.669055700302124
PSO,3,5,20,inf,80051,-1,-1,-1,-1,4.803148031234741
PSO,3,1,20,inf,80051,293,293,293,293,4.9478819370269775
PSO,3,2,20,inf,80051,-1,-1,-1,-1,4.8407063484191895
PSO,3,3,20,inf,80051,-1,-1,-1,-1,4.711832046508789
PSO,3,4,20,inf,80051,-1,-1,-1,-1,4.610572814941406
PSO,3,5,20,inf,80051,-1,-1,-1,-1,5.158543348312378
PSO,4,1,20,inf,80051,364,364,364,364,5.0093042850494385
PSO,4,2,20,inf,80051,-1,-1,-1,-1,5.046663761138916
PSO,4,3,20,inf,80051,-1,-1,-1,-1,4.928027153015137
PSO,4,4,20,inf,80051,-1,-1,-1,-1,4.904716730117798
PSO,4,5,20,inf,80051,-1,-1,-1,-1,4.851672410964966
PSO,4,1,20,inf,80051,393,393,393,393,5.046100854873657
PSO,4,2,20,inf,80051,-1,-1,-1,-1,4.915878057479858
PSO,4,3,20,inf,80051,-1,-1,-1,-1,5.081817150115967
PSO,4,4,20,inf,80051,-1,-1,-1,-1,5.073179244995117
PSO,4,5,20,inf,80051,-1,-1,-1,-1,4.872394561767578
PSO,4,1,20,inf,80051,163,163,163,163,4.755105257034302
PSO,4,2,20,inf,80051,-1,-1,-1,-1,4.911605596542358
PSO,4,3,20,inf,80051,-1,-1,-1,-1,5.0264363288879395
PSO,4,4,20,inf,80051,-1,-1,-1,-1,4.996875524520874
PSO,4,5,20,inf,80051,-1,-1,-1,-1,4.935565233230591
PSO,5,1,20,inf,80051,-1,-1,-1,-1,4.4301135540008545
PSO,5,2,20,inf,80051,-1,-1,-1,-1,4.750329971313477
PSO,5,3,20,inf,80051,-1,-1,-1,-1,4.682497501373291
PSO,5,4,20,inf,80051,-1,-1,-1,-1,4.653372287750244
PSO,5,5,20,inf,80051,25735,25735,25735,25735,4.660146236419678
PSO,5,1,20,inf,80051,-1,-1,-1,-1,4.564101934432983
PSO,5,2,20,inf,80051,-1,-1,-1,-1,4.554624319076538
PSO,5,3,20,inf,80051,-1,-1,-1,-1,4.788058757781982
PSO,5,4,20,inf,80051,-1,-1,-1,-1,4.558722496032715
PSO,5,5,20,inf,80051,12144,12294,12294,12294,4.481060981750488
PSO,5,1,20,inf,80051,-1,-1,-1,-1,4.305063009262085
PSO,5,2,20,inf,80051,-1,-1,-1,-1,4.404813766479492
PSO,5,3,20,inf,80051,-1,-1,-1,-1,4.389510631561279
PSO,5,4,20,inf,80051,-1,-1,-1,-1,4.416926145553589
PSO,5,5,20,inf,80051,6707,6734,6734,6734,4.3760271072387695
PSO,6,1,20,inf,80051,-1,-1,-1,-1,4.636076211929321
PSO,6,2,20,inf,80051,-1,-1,-1,-1,4.560776472091675
PSO,6,3,20,inf,80051,1304,1304,1304,1304,4.6150062084198
PSO,6,4,20,inf,80051,-1,-1,-1,-1,4.751864671707153
PSO,6,5,20,inf,80051,-1,-1,-1,-1,4.66009259223938
PSO,6,1,20,inf,80051,-1,-1,-1,-1,4.7714831829071045
PSO,6,2,20,inf,80051,-1,-1,-1,-1,4.366775751113892
PSO,6,3,20,inf,80051,1655,1655,1655,1655,4.428598880767822
PSO,6,4,20,inf,80051,-1,-1,-1,-1,4.551928997039795
PSO,6,5,20,inf,80051,-1,-1,-1,-1,4.618854999542236
PSO,6,1,20,inf,80051,-1,-1,-1,-1,4.693548202514648
PSO,6,2,20,inf,80051,-1,-1,-1,-1,4.5741026401519775
PSO,6,3,20,inf,80051,847,847,847,847,4.319678783416748
PSO,6,4,20,inf,80051,-1,-1,-1,-1,4.6141884326934814
PSO,6,5,20,inf,80051,-1,-1,-1,-1,4.679842472076416
PSO,7,1,20,inf,80051,-1,-1,-1,-1,4.7192018032073975
PSO,7,2,20,inf,80051,-1,-1,-1,-1,4.523738145828247
PSO,7,3,20,inf,80051,-1,-1,-1,-1,4.706706523895264
PSO,7,4,20,inf,80051,-1,-1,-1,-1,4.4537036418914795
PSO,7,5,20,inf,80051,-1,-1,-1,-1,4.495109796524048
PSO,7,1,20,inf,80051,-1,-1,-1,-1,4.765164613723755
PSO,7,2,20,inf,80051,-1,-1,-1,-1,4.332744359970093
PSO,7,3,20,inf,80051,-1,-1,-1,-1,4.453275203704834
PSO,7,4,20,inf,80051,-1,-1,-1,-1,4.626758575439453
PSO,7,5,20,inf,80051,-1,-1,-1,-1,4.791773080825806
PSO,7,1,20,inf,80051,-1,-1,-1,-1,4.624661445617676
PSO,7,2,20,inf,80051,-1,-1,-1,-1,4.643496751785278
PSO,7,3,20,inf,80051,-1,-1,-1,-1,4.686399698257446
PSO,7,4,20,inf,80051,-1,-1,-1,-1,4.732245683670044
PSO,7,5,20,inf,80051,-1,-1,-1,-1,4.61641526222229
PSO,8,1,20,inf,80051,-1,-1,-1,-1,4.751901388168335
PSO,8,2,20,inf,80051,1915,1915,1915,1915,5.07706618309021
PSO,8,3,20,inf,80051,-1,-1,-1,-1,4.981975317001343
PSO,8,4,20,inf,80051,3352,3352,3352,3352,4.900143384933472
PSO,8,5,20,inf,80051,-1,-1,-1,-1,4.892407417297363
PSO,8,1,20,inf,80051,-1,-1,-1,-1,5.012635707855225
PSO,8,2,20,inf,80051,1608,1608,1608,1608,4.735518217086792
PSO,8,3,20,inf,80051,-1,-1,-1,-1,4.648200273513794
PSO,8,4,20,inf,80051,5367,5367,5367,5367,4.890385389328003
PSO,8,5,20,inf,80051,-1,-1,-1,-1,4.945555210113525
PSO,8,1,20,inf,80051,-1,-1,-1,-1,4.927647590637207
PSO,8,2,20,inf,80051,1980,1980,1980,1980,4.872341632843018
PSO,8,3,20,inf,80051,-1,-1,-1,-1,4.38402795791626
PSO,8,4,20,inf,80051,-1,-1,-1,-1,4.92424464225769
PSO,8,5,20,inf,80051,-1,-1,-1,-1,5.001328945159912
PSO,9,1,20,inf,80051,-1,-1,-1,-1,4.624245882034302
PSO,9,2,20,inf,80051,-1,-1,-1,-1,4.660356521606445
PSO,9,3,20,inf,80051,-1,-1,-1,-1,4.723470449447632
PSO,9,4,20,inf,80051,-1,-1,-1,-1,4.759249925613403
PSO,9,5,20,inf,80051,-1,-1,-1,-1,4.659538745880127
PSO,9,1,20,inf,80051,-1,-1,-1,-1,4.9662065505981445
PSO,9,2,20,inf,80051,-1,-1,-1,-1,5.003161191940308
PSO,9,3,20,inf,80051,-1,-1,-1,-1,5.3632073402404785
PSO,9,4,20,inf,80051,2460,2460,2460,2460,5.029695272445679
PSO,9,5,20,inf,80051,-1,-1,-1,-1,5.247215032577515
PSO,9,1,20,inf,80051,-1,-1,-1,-1,4.954254865646362
PSO,9,2,20,inf,80051,-1,-1,-1,-1,5.007638692855835
PSO,9,3,20,inf,80051,-1,-1,-1,-1,5.215552091598511
PSO,9,4,20,inf,80051,3104,3104,3104,3104,4.674025535583496
PSO,9,5,20,inf,80051,-1,-1,-1,-1,4.8939549922943115
PSO,10,1,20,inf,80051,-1,-1,-1,-1,4.7667577266693115
PSO,10,2,20,inf,80051,-1,-1,-1,-1,4.850338459014893
PSO,10,3,20,inf,80051,-1,-1,-1,-1,4.82074236869812
PSO,10,4,20,inf,80051,-1,-1,-1,-1,4.77519416809082
PSO,10,5,20,inf,80051,-1,-1,-1,-1,4.795401096343994
PSO,10,1,20,inf,80051,-1,-1,-1,-1,4.889113903045654
PSO,10,2,20,inf,80051,-1,-1,-1,-1,5.062530040740967
PSO,10,3,20,inf,80051,-1,-1,-1,-1,4.903069734573364
PSO,10,4,20,inf,80051,-1,-1,-1,-1,4.740713119506836
PSO,10,5,20,inf,80051,-1,-1,-1,-1,4.812122821807861
PSO,10,1,20,inf,80051,-1,-1,-1,-1,4.961665868759155
PSO,10,2,20,inf,80051,-1,-1,-1,-1,4.7521398067474365
PSO,10,3,20,inf,80051,-1,-1,-1,-1,4.705904245376587
PSO,10,4,20,inf,80051,-1,-1,-1,-1,5.028403282165527
PSO,10,5,20,inf,80051,-1,-1,-1,-1,4.670434474945068
PSO,11,1,20,inf,80051,-1,-1,-1,-1,4.680550575256348
PSO,11,2,20,inf,80051,-1,-1,-1,-1,4.6808671951293945
PSO,11,3,20,inf,80051,-1,-1,-1,-1,4.811643123626709
PSO,11,4,20,inf,80051,-1,-1,-1,-1,4.854427337646484
PSO,11,5,20,inf,80051,15869,15869,15869,15869,4.58225417137146
PSO,11,1,20,inf,80051,-1,-1,-1,-1,4.832231283187866
PSO,11,2,20,inf,80051,72604,72604,72604,72604,4.744363784790039
PSO,11,3,20,inf,80051,-1,-1,-1,-1,4.6701788902282715
PSO,11,4,20,inf,80051,-1,-1,-1,-1,4.682279348373413
PSO,11,5,20,inf,80051,10777,10777,10777,10777,4.833583116531372
PSO,11,1,20,inf,80051,-1,-1,-1,-1,4.988880395889282
PSO,11,2,20,inf,80051,-1,-1,-1,-1,4.974933624267578
PSO,11,3,20,inf,80051,-1,-1,-1,-1,4.918423175811768
PSO,11,4,20,inf,80051,-1,-1,-1,-1,4.795096397399902
PSO,11,5,20,inf,80051,11809,11809,11809,11809,4.609416484832764
PSO,12,1,20,inf,80051,8754,8754,8754,8754,4.755964756011963
PSO,12,2,20,inf,80051,7513,7513,7513,7513,4.717421531677246
PSO,12,3,20,inf,80051,-1,-1,-1,-1,4.679896354675293
PSO,12,4,20,inf,80051,8967,8985,8985,8985,4.762466192245483
PSO,12,5,20,inf,80051,-1,-1,-1,-1,4.905683279037476
PSO,12,1,20,inf,80051,-1,-1,-1,-1,5.068766832351685
PSO,12,2,20,inf,80051,5215,5215,5215,5215,4.873791456222534
PSO,12,3,20,inf,80051,-1,-1,-1,-1,5.15942645072937
PSO,12,4,20,inf,80051,8421,8421,8421,8421,4.7368385791778564
PSO,12,5,20,inf,80051,-1,-1,-1,-1,5.1180994510650635
PSO,12,1,20,inf,80051,6120,6120,6120,6120,4.889568090438843
PSO,12,2,20,inf,80051,6917,6917,6917,6917,4.656183958053589
PSO,12,3,20,inf,80051,-1,-1,-1,-1,5.070988893508911
PSO,12,4,20,inf,80051,7553,7602,7602,7602,5.041693449020386
PSO,12,5,20,inf,80051,-1,-1,-1,-1,5.240947008132935
PSO,13,1,20,inf,80051,-1,-1,-1,-1,5.19010329246521
PSO,13,2,20,inf,80051,5110,5110,5110,5110,4.877315521240234
PSO,13,3,20,inf,80051,1583,1583,1583,1583,4.905811786651611
PSO,13,4,20,inf,80051,-1,-1,-1,-1,4.747659206390381
PSO,13,5,20,inf,80051,-1,-1,-1,-1,4.817991018295288
PSO,13,1,20,inf,80051,-1,-1,-1,-1,5.173322439193726
PSO,13,2,20,inf,80051,4431,4431,4431,4431,5.027105808258057
PSO,13,3,20,inf,80051,2762,2762,2762,2762,4.897423982620239
PSO,13,4,20,inf,80051,-1,-1,-1,-1,5.067115545272827
PSO,13,5,20,inf,80051,-1,-1,-1,-1,4.812869071960449
PSO,13,1,20,inf,80051,-1,-1,-1,-1,5.070760726928711
PSO,13,2,20,inf,80051,3813,3813,3813,3813,4.977824687957764
PSO,13,3,20,inf,80051,1923,1923,1923,1923,5.1950812339782715
PSO,13,4,20,inf,80051,-1,-1,-1,-1,4.959468603134155
PSO,13,5,20,inf,80051,-1,-1,-1,-1,5.087017774581909
PSO,14,1,20,inf,80051,24,24,24,24,4.716862678527832
PSO,14,2,20,inf,80051,1,1,1,1,4.6527040004730225
PSO,14,3,20,inf,80051,-1,-1,-1,-1,4.74447226524353
PSO,14,4,20,inf,80051,-1,-1,-1,-1,4.666127920150757
PSO,14,5,20,inf,80051,32,32,32,32,4.710513353347778
PSO,14,1,20,inf,80051,9,9,9,9,4.516469240188599
PSO,14,2,20,inf,80051,1,1,1,1,4.736140489578247
PSO,14,3,20,inf,80051,-1,-1,-1,-1,4.718894720077515
PSO,14,4,20,inf,80051,-1,-1,-1,-1,4.84417724609375
PSO,14,5,20,inf,80051,4,4,4,4,4.7278337478637695
PSO,14,1,20,inf,80051,16,16,16,16,4.483994722366333
PSO,14,2,20,inf,80051,1,1,1,1,4.476463317871094
PSO,14,3,20,inf,80051,-1,-1,-1,-1,4.311449766159058
PSO,14,4,20,inf,80051,-1,-1,-1,-1,4.738733768463135
PSO,14,5,20,inf,80051,4,4,4,4,4.74745512008667
PSO,15,1,20,inf,80051,-1,-1,-1,-1,5.411786794662476
PSO,15,2,20,inf,80051,-1,-1,-1,-1,5.397454023361206
PSO,15,3,20,inf,80051,-1,-1,-1,-1,5.34699821472168
PSO,15,4,20,inf,80051,-1,-1,-1,-1,5.364546060562134
PSO,15,5,20,inf,80051,4867,4867,4867,4867,5.419415235519409
PSO,15,1,20,inf,80051,-1,-1,-1,-1,5.251190662384033
PSO,15,2,20,inf,80051,-1,-1,-1,-1,5.157043695449829
PSO,15,3,20,inf,80051,-1,-1,-1,-1,5.337693691253662
PSO,15,4,20,inf,80051,-1,-1,-1,-1,5.695608139038086
PSO,15,5,20,inf,80051,-1,-1,-1,-1,5.564413547515869
PSO,15,1,20,inf,80051,-1,-1,-1,-1,5.416633605957031
PSO,15,2,20,inf,80051,-1,-1,-1,-1,5.371792793273926
PSO,15,3,20,inf,80051,-1,-1,-1,-1,5.486270904541016
PSO,15,4,20,inf,80051,-1,-1,-1,-1,5.224061965942383
PSO,15,5,20,inf,80051,-1,-1,-1,-1,4.887895584106445
PSO,16,1,20,inf,80051,-1,-1,-1,-1,5.028294324874878
PSO,16,2,20,inf,80051,1,1,1,1,5.399112939834595
PSO,16,3,20,inf,80051,-1,-1,-1,-1,5.310006380081177
PSO,16,4,20,inf,80051,1,1,1,1,5.4683616161346436
PSO,16,5,20,inf,80051,9,9,9,9,5.141437292098999
PSO,16,1,20,inf,80051,-1,-1,-1,-1,5.119229555130005
PSO,16,2,20,inf,80051,1,1,1,1,5.266937494277954
PSO,16,3,20,inf,80051,-1,-1,-1,-1,5.036391735076904
PSO,16,4,20,inf,80051,1,1,1,1,5.1514892578125
PSO,16,5,20,inf,80051,10,10,10,10,5.2829718589782715
PSO,16,1,20,inf,80051,-1,-1,-1,-1,5.207298040390015
PSO,16,2,20,inf,80051,1,1,1,1,5.30640721321106
PSO,16,3,20,inf,80051,-1,-1,-1,-1,5.348906993865967
PSO,16,4,20,inf,80051,1,1,1,1,5.250488996505737
PSO,16,5,20,inf,80051,1,1,1,1,5.197522401809692
PSO,17,1,20,inf,80051,32,32,32,32,5.121722221374512
PSO,17,2,20,inf,80051,-1,-1,-1,-1,5.136162281036377
PSO,17,3,20,inf,80051,-1,-1,-1,-1,4.924559831619263
PSO,17,4,20,inf,80051,-1,-1,-1,-1,5.0357420444488525
PSO,17,5,20,inf,80051,1,1,1,1,5.01155686378479
PSO,17,1,20,inf,80051,18,18,18,18,5.1419291496276855
PSO,17,2,20,inf,80051,-1,-1,-1,-1,4.793221950531006
PSO,17,3,20,inf,80051,-1,-1,-1,-1,4.822183847427368
PSO,17,4,20,inf,80051,-1,-1,-1,-1,4.984043121337891
PSO,17,5,20,inf,80051,1,1,1,1,4.870148181915283
PSO,17,1,20,inf,80051,80,80,80,80,5.033694744110107
PSO,17,2,20,inf,80051,-1,-1,-1,-1,4.616694927215576
PSO,17,3,20,inf,80051,-1,-1,-1,-1,4.687265396118164
PSO,17,4,20,inf,80051,-1,-1,-1,-1,5.113439559936523
PSO,17,5,20,inf,80051,1,1,1,1,4.901884078979492
PSO,18,1,20,inf,80051,2046,2046,2046,2046,4.568959474563599
PSO,18,2,20,inf,80051,-1,-1,-1,-1,4.8124284744262695
PSO,18,3,20,inf,80051,-1,-1,-1,-1,4.741548299789429
PSO,18,4,20,inf,80051,-1,-1,-1,-1,4.7355170249938965
PSO,18,5,20,inf,80051,1,1,1,1,4.871658563613892
PSO,18,1,20,inf,80051,1459,1459,1459,1459,5.054902791976929
PSO,18,2,20,inf,80051,-1,-1,-1,-1,4.730406999588013
PSO,18,3,20,inf,80051,-1,-1,-1,-1,4.650531053543091
PSO,18,4,20,inf,80051,-1,-1,-1,-1,5.101125478744507
PSO,18,5,20,inf,80051,2,2,2,2,4.7244298458099365
PSO,18,1,20,inf,80051,2295,2295,2295,2295,4.597082614898682
PSO,18,2,20,inf,80051,-1,-1,-1,-1,4.833618402481079
PSO,18,3,20,inf,80051,-1,-1,-1,-1,4.65990686416626
PSO,18,4,20,inf,80051,-1,-1,-1,-1,4.7290520668029785
PSO,18,5,20,inf,80051,3,3,3,3,4.958786725997925
PSO,19,1,20,inf,80051,1,1,1,1,4.791292428970337
PSO,19,2,20,inf,80051,-1,-1,-1,-1,4.699662923812866
PSO,19,3,20,inf,80051,-1,-1,-1,-1,4.634065628051758
PSO,19,4,20,inf,80051,1,1,1,1,4.602698087692261
PSO,19,5,20,inf,80051,1,1,1,1,4.769384860992432
PSO,19,1,20,inf,80051,1,1,1,1,4.640426874160767
PSO,19,2,20,inf,80051,-1,-1,-1,-1,4.606942653656006
PSO,19,3,20,inf,80051,-1,-1,-1,-1,4.724945783615112
PSO,19,4,20,inf,80051,2,2,2,2,4.540045499801636
PSO,19,5,20,inf,80051,1,1,1,1,4.697000026702881
PSO,19,1,20,inf,80051,1,1,1,1,4.488650798797607
PSO,19,2,20,inf,80051,-1,-1,-1,-1,4.464319944381714
PSO,19,3,20,inf,80051,-1,-1,-1,-1,4.455753803253174
PSO,19,4,20,inf,80051,1,1,1,1,4.550640344619751
PSO,19,5,20,inf,80051,1,1,1,1,4.433079242706299
PSO,20,1,20,inf,80051,738,738,738,738,4.731543779373169
PSO,20,2,20,inf,80051,-1,-1,-1,-1,5.048797845840454
PSO,20,3,20,inf,80051,-1,-1,-1,-1,5.082828044891357
PSO,20,4,20,inf,80051,1208,1208,1208,1208,4.755521774291992
PSO,20,5,20,inf,80051,1050,1050,1050,1050,5.068234443664551
PSO,20,1,20,inf,80051,1340,1340,1340,1340,5.101022958755493
PSO,20,2,20,inf,80051,-1,-1,-1,-1,4.910996913909912
PSO,20,3,20,inf,80051,-1,-1,-1,-1,4.8235862255096436
PSO,20,4,20,inf,80051,982,982,982,982,5.122979402542114
PSO,20,5,20,inf,80051,2271,2271,2271,2271,4.723506450653076
PSO,20,1,20,inf,80051,622,622,622,622,4.8571367263793945
PSO,20,2,20,inf,80051,-1,-1,-1,-1,5.06542706489563
PSO,20,3,20,inf,80051,-1,-1,-1,-1,4.768926382064819
PSO,20,4,20,inf,80051,937,937,937,937,5.16738748550415
PSO,20,5,20,inf,80051,1335,1335,1335,1335,5.055894136428833
PSO,21,1,20,inf,80051,-1,-1,-1,-1,4.888185262680054
PSO,21,2,20,inf,80051,-1,-1,-1,-1,4.794090986251831
PSO,21,3,20,inf,80051,1,1,1,1,4.8423011302948
PSO,21,4,20,inf,80051,442,442,442,442,4.978896856307983
PSO,21,5,20,inf,80051,-1,-1,-1,-1,5.04177451133728
PSO,21,1,20,inf,80051,-1,-1,-1,-1,4.965058088302612
PSO,21,2,20,inf,80051,-1,-1,-1,-1,4.666938066482544
PSO,21,3,20,inf,80051,1,1,1,1,4.727935552597046
PSO,21,4,20,inf,80051,1255,1255,1255,1255,4.698299169540405
PSO,21,5,20,inf,80051,-1,-1,-1,-1,4.609706878662109
PSO,21,1,20,inf,80051,-1,-1,-1,-1,4.941206932067871
PSO,21,2,20,inf,80051,-1,-1,-1,-1,5.0317230224609375
PSO,21,3,20,inf,80051,1,1,1,1,4.8227620124816895
PSO,21,4,20,inf,80051,3926,3926,3926,3926,5.077597141265869
PSO,21,5,20,inf,80051,-1,-1,-1,-1,5.140542030334473
PSO,22,1,20,inf,80051,1,1,1,1,5.06517767906189
PSO,22,2,20,inf,80051,-1,-1,-1,-1,5.021768808364868
PSO,22,3,20,inf,80051,1252,1252,1252,1252,5.1886491775512695
PSO,22,4,20,inf,80051,-1,-1,-1,-1,4.705074787139893
PSO,22,5,20,inf,80051,-1,-1,-1,-1,4.830211639404297
PSO,22,1,20,inf,80051,1,1,1,1,4.863739490509033
PSO,22,2,20,inf,80051,-1,-1,-1,-1,4.869586706161499
PSO,22,3,20,inf,80051,702,702,702,702,4.843420028686523
PSO,22,4,20,inf,80051,-1,-1,-1,-1,4.6482861042022705
PSO,22,5,20,inf,80051,-1,-1,-1,-1,4.77411961555481
PSO,22,1,20,inf,80051,1,1,1,1,4.8495142459869385
PSO,22,2,20,inf,80051,-1,-1,-1,-1,4.676246643066406
PSO,22,3,20,inf,80051,666,666,666,666,4.522146701812744
PSO,22,4,20,inf,80051,-1,-1,-1,-1,4.698549509048462
PSO,22,5,20,inf,80051,-1,-1,-1,-1,4.984653949737549
PSO,23,1,20,inf,80051,-1,-1,-1,-1,5.749405384063721
PSO,23,2,20,inf,80051,-1,-1,-1,-1,5.687750816345215
PSO,23,3,20,inf,80051,1,1,1,1,5.560420036315918
PSO,23,4,20,inf,80051,1,1,1,1,5.637516975402832
PSO,23,5,20,inf,80051,1,1,1,1,5.653606653213501
PSO,23,1,20,inf,80051,-1,-1,-1,-1,5.840216636657715
PSO,23,2,20,inf,80051,-1,-1,-1,-1,5.516462087631226
PSO,23,3,20,inf,80051,1,1,1,1,5.51934552192688
PSO,23,4,20,inf,80051,1,1,1,1,5.5708935260772705
PSO,23,5,20,inf,80051,1,1,1,1,5.846979379653931
PSO,23,1,20,inf,80051,-1,-1,-1,-1,5.759439468383789
PSO,23,2,20,inf,80051,-1,-1,-1,-1,5.616337776184082
PSO,23,3,20,inf,80051,1,1,1,1,5.504171133041382
PSO,23,4,20,inf,80051,1,1,1,1,5.424304723739624
PSO,23,5,20,inf,80051,1,1,1,1,5.698871850967407
PSO,24,1,20,inf,80051,-1,-1,-1,-1,4.734147548675537
PSO,24,2,20,inf,80051,-1,-1,-1,-1,4.907530784606934
PSO,24,3,20,inf,80051,-1,-1,-1,-1,4.689049005508423
PSO,24,4,20,inf,80051,-1,-1,-1,-1,4.5947346687316895
PSO,24,5,20,inf,80051,-1,-1,-1,-1,4.761429071426392
PSO,24,1,20,inf,80051,-1,-1,-1,-1,5.161400079727173
PSO,24,2,20,inf,80051,-1,-1,-1,-1,5.233582973480225
PSO,24,3,20,inf,80051,-1,-1,-1,-1,5.097696304321289
PSO,24,4,20,inf,80051,-1,-1,-1,-1,4.994041204452515
PSO,24,5,20,inf,80051,-1,-1,-1,-1,4.957441806793213
PSO,24,1,20,inf,80051,-1,-1,-1,-1,4.8704729080200195
PSO,24,2,20,inf,80051,-1,-1,-1,-1,4.964396238327026
PSO,24,3,20,inf,80051,-1,-1,-1,-1,4.678661346435547
PSO,24,4,20,inf,80051,-1,-1,-1,-1,4.739462375640869
PSO,24,5,20,inf,80051,73526,73526,73526,73526,4.821376085281372
